NAME,RTG,TEAM,DEP,WEEK,ATT,YDS,TD,TGTS,REC,REC YDS,REC TD
Josh Jacobs,88,LV,1,1,25,93,3,6,4,46,0
Christian McCaffrey,96,CAR,1,1,23,97,2,4,3,38,0
Ezekiel Elliott,90,DAL,1,1,22,96,1,4,3,31,1
Malcolm Brown,74,LAR,3,1,18,79,2,4,3,31,0
Raheem Mostert,83,SF,1,1,15,56,0,5,4,95,1
Clyde Edwards-Helaire,71,KC,1,1,25,138,1,2,0,0,0
Nyheim Hines,72,IND,3,1,7,28,1,8,8,45,1
Alvin Kamara,90,NO,1,1,12,16,1,8,5,51,1
Chris Carson,83,SEA,1,1,6,21,0,6,6,45,2
David Johnson,78,HOU,1,1,11,77,1,4,3,32,0
Dalvin Cook,90,MIN,1,1,12,50,2,2,1,-2,0
Peyton Barber,74,WAS,3,1,17,29,2,0,0,0,0
J.K. Dobbins,72,BAL,2,1,7,22,2,0,0,0,0
Aaron Jones,88,GB,1,1,16,66,1,6,4,10,0
Derrick Henry,95,TEN,1,1,31,116,0,3,3,15,0
Melvin Gordon,84,DEN,1,1,15,78,1,3,3,8,0
Kenyan Drake,83,ARI,1,1,16,60,1,2,2,5,0
Joshua Kelley,67,LAC,3,1,12,60,1,0,0,0,0
Todd Gurley,84,ATL,1,1,14,56,1,5,2,1,0
Adrian Peterson,79,DET,3,1,14,93,0,3,3,21,0
Benny Snell Jr.,70,PIT,2,1,19,113,0,1,0,0,0
Chase Edmonds,71,ARI,2,1,6,26,0,5,3,19,1
Jerick McKinnon,77,SF,3,1,3,24,0,5,3,20,1
Sony Michel,84,NE,2,1,10,37,1,0,0,0,0
James Robinson,67,JAX,4,1,16,62,0,1,1,28,0
Jonathan Taylor,71,IND,1,1,9,22,0,6,6,67,0
Zack Moss,68,BUF,2,1,9,11,0,4,3,16,1
Austin Ekeler,85,LAC,1,1,19,84,0,1,1,3,0
D'Andre Swift,73,DET,1,1,3,8,1,5,3,15,0
Carlos Hyde,83,SEA,2,1,7,23,1,0,0,0,0
Josh Adams,72,NYJ,4,1,2,8,1,2,2,14,0
Ronald Jones II,81,TB,2,1,17,66,0,3,2,16,0
Kareem Hunt,87,CLE,2,1,13,72,0,6,4,9,0
Alexander Mattison,70,MIN,2,1,6,50,0,4,4,30,0
David Montgomery,80,CHI,1,1,13,64,0,3,1,10,0
Jordan Howard,78,MIA,1,1,8,7,1,0,0,0,0
Saquon Barkley,93,NYG,1,1,15,6,0,9,6,60,0
Myles Gaskin,67,MIA,5,1,9,40,0,4,4,26,0
Marlon Mack,82,IND,2,1,4,26,0,3,3,30,0
Boston Scott,70,PHI,2,1,9,35,0,2,2,19,0
Devin Singletary,81,BUF,1,1,9,30,0,7,5,23,0
Devontae Booker,70,LV,3,1,4,29,0,3,3,23,0
James White,84,NE,1,1,5,22,0,3,3,30,0
Joe Mixon,88,CIN,1,1,19,69,0,2,1,2,0
Latavius Murray,77,NO,2,1,15,48,0,1,0,0,0
Tarik Cohen,79,CHI,2,1,7,41,0,2,2,6,0
Nick Chubb,90,CLE,1,1,10,60,0,1,1,6,0
Le'Veon Bell,87,KC,1,1,6,14,0,2,2,32,0
Antonio Gibson,71,WAS,1,1,9,36,0,2,2,8,0
Tyler Ervin,69,GB,4,1,3,38,0,1,1,6,0
Cam Akers,76,LAR,1,1,14,39,0,1,1,4,0
Jamaal Williams,79,GB,3,1,7,21,0,4,4,21,0
Phillip Lindsay,82,DEN,2,1,7,24,0,1,1,11,0
Tony Pollard,76,DAL,2,1,2,10,0,3,2,22,0
JJ Taylor,67,NE,,1,4,28,0,1,1,4,0
Rex Burkhead,78,NE,4,1,7,32,0,0,0,0,0
Darrel Williams,67,KC,2,1,7,23,0,2,2,7,0
Mark Ingram,89,BAL,1,1,10,29,0,0,0,0,0
Giovani Bernard,79,CIN,2,1,1,7,0,5,4,21,0
Tevin Coleman,86,SF,2,1,4,18,0,2,1,6,0
Frank Gore,82,NYJ,2,1,6,24,0,0,0,0,0
Matt Breida,81,MIA,2,1,5,22,0,0,0,0,0
Corey Clement,72,PHI,3,1,6,19,0,2,2,2,0
Brian Hill,67,ATL,3,1,3,12,0,2,2,8,0
Leonard Fournette,85,TB,1,1,5,5,0,1,1,14,0
Gus Edwards,74,BAL,3,1,4,17,0,0,0,0,0
James Conner,83,PIT,1,1,6,9,0,4,2,8,0
Jalen Richard,75,LV,2,1,0,0,0,1,1,15,0
Wayne Gallman,71,NYG,3,1,0,0,0,1,1,14,0
Kerryon Johnson,79,DET,2,1,7,14,0,0,0,0,0
Duke Johnson,80,HOU,2,1,5,14,0,1,0,0,0
A.J. Dillon,70,GB,2,1,2,14,0,0,0,0,0
Royce Freeman,77,DEN,3,1,1,0,0,1,1,12,0
Patrick Laird,67,MIA,4,1,0,0,0,2,2,9,0
Darrell Henderson,72,LAR,2,1,3,6,0,0,0,0,0
Ito Smith,74,ATL,2,1,1,4,0,3,3,2,0
Chris Thompson,79,JAX,2,1,0,0,0,2,2,6,0
Khari Blasingame,67,TEN,3,1,0,0,0,1,1,5,0
D'Ernest Johnson,67,CLE,3,1,1,5,0,0,0,0,0
Justin Jackson,74,LAC,2,1,2,4,0,0,0,0,0
Travis Homer,67,SEA,5,1,3,-1,0,2,2,4,0
Jaylen Samuels,71,PIT,4,1,1,2,0,1,1,1,0
LeSean McCoy,79,TB,4,1,0,0,0,1,1,2,0
Jason Huntley,67,PHI,4,1,1,1,0,0,0,0,0
Dion Lewis,76,NYG,2,1,1,1,0,1,0,0,0
Aaron Jones,88,GB,1,2,18,168,2,8,4,68,1
Alvin Kamara,92,NO,1,2,13,79,2,9,9,95,0
Leonard Fournette,81,TB,1,2,12,103,2,5,4,13,0
Nick Chubb,95,CLE,1,2,22,124,2,1,1,9,0
Christian McCaffrey,99,CAR,2,2,18,59,2,5,4,29,0
Kareem Hunt,84,CLE,2,2,10,86,1,2,2,15,1
Ezekiel Elliott,88,DAL,1,2,22,89,1,7,6,33,0
David Montgomery,79,CHI,1,2,16,82,0,3,3,45,1
James Robinson,81,JAX,1,2,16,102,1,4,3,18,0
Darrell Henderson,73,LAR,1,2,12,81,1,3,2,40,0
Miles Sanders,84,PHI,1,2,20,95,1,7,3,36,0
James Conner,80,PIT,1,2,16,106,1,2,2,15,0
Chris Carson,89,SEA,1,2,17,72,0,3,3,36,1
Jonathan Taylor,81,IND,1,2,26,101,1,2,2,9,0
Austin Ekeler,86,LAC,1,2,16,93,0,4,4,55,0
Raheem Mostert,84,SF,1,2,8,92,1,2,2,15,0
Dalvin Cook,97,MIN,1,2,14,63,1,2,2,8,0
Melvin Gordon,83,DEN,1,2,19,70,0,3,2,14,1
Mark Ingram,79,BAL,1,2,9,55,1,3,2,22,0
Dion Lewis,76,NYG,2,2,10,20,1,5,4,36,0
Mike Davis,78,CAR,1,2,1,1,0,8,8,74,0
Myles Gaskin,76,MIA,1,2,7,46,0,7,6,36,0
Jerick McKinnon,75,SF,3,2,3,77,1,1,0,0,0
Josh Jacobs,91,LV,1,2,27,88,0,3,3,17,0
Joshua Kelley,67,LAC,3,2,23,64,0,2,2,49,0
Clyde Edwards-Helaire,83,KC,1,2,10,38,0,8,6,32,0
Joe Mixon,87,CIN,1,2,16,46,0,4,4,40,0
D'Andre Swift,76,DET,3,2,5,12,0,5,5,60,0
Antonio Gibson,76,WAS,3,2,13,55,1,2,1,-3,0
Chris Thompson,75,JAX,2,2,2,7,0,4,3,20,1
Kenyan Drake,81,ARI,1,2,20,86,0,2,2,9,0
Ronald Jones II,83,TB,1,2,7,23,1,2,2,4,0
Devin Singletary,79,BUF,1,2,10,56,0,3,2,20,0
Kerryon Johnson,76,DET,2,2,8,32,1,1,0,0,0
Rex Burkhead,78,NE,4,2,6,2,0,6,4,47,0
Jalen Richard,77,LV,3,2,2,26,1,0,0,0,0
Derrick Henry,93,TEN,1,2,25,84,0,2,0,0,0
Jamaal Williams,78,GB,2,2,8,63,0,0,0,0,0
Giovani Bernard,81,CIN,1,2,1,3,0,7,5,22,0
Gus Edwards,81,BAL,2,2,10,73,0,0,0,0,0
Boston Scott,70,PHI,2,2,4,19,0,3,3,24,0
J.K. Dobbins,77,BAL,1,2,2,48,0,1,1,13,0
LeSean McCoy,83,TB,2,2,1,-5,0,7,5,26,0
Jordan Howard,78,MIA,1,2,5,4,1,0,0,0,0
Frank Gore,79,NYJ,1,2,21,63,0,2,0,0,0
Todd Gurley,78,ATL,1,2,21,61,0,0,0,0,0
Tevin Coleman,85,SF,2,2,14,12,0,2,2,28,0
Carlos Hyde,79,SEA,2,2,5,22,0,2,2,15,0
Latavius Murray,82,NO,2,2,3,14,0,2,2,19,0
JD McKissic,77,WAS,2,2,8,53,0,0,0,0,0
Matt Breida,77,MIA,2,2,7,37,0,2,1,2,0
Malcolm Brown,70,LAR,2,2,11,47,0,0,0,0,0
Ty Montgomery,75,NO,4,2,0,0,0,3,2,25,0
Brian Hill,67,ATL,2,2,3,14,0,2,2,11,0
Chase Edmonds,79,ARI,2,2,3,4,0,4,3,9,0
Adrian Peterson,76,DET,1,2,7,41,0,0,0,0,0
Jordan Wilkins,73,IND,3,2,9,40,0,0,0,0,0
Zack Moss,68,BUF,2,2,8,37,0,0,0,0,0
Kalen Ballage,67,NYJ,4,2,1,5,0,2,2,12,0
Tarik Cohen,81,CHI,2,2,5,12,0,1,1,15,0
Saquon Barkley,88,NYG,1,2,4,28,0,0,0,0,0
Alexander Mattison,73,MIN,2,2,3,13,0,2,1,3,0
Darrel Williams,67,KC,3,2,0,0,0,1,1,12,0
Travis Homer,67,SEA,3,2,3,21,0,0,0,0,0
Darwin Thompson,67,KC,4,2,4,21,0,1,0,0,0
Ito Smith,80,ATL,3,2,5,20,0,0,0,0,0
Royce Freeman,75,DEN,2,2,3,20,0,0,0,0,0
Sony Michel,82,NE,1,2,7,19,0,1,0,0,0
Tony Pollard,79,DAL,2,2,2,6,0,1,1,3,0
Lamical Perine,67,NYJ,3,2,3,17,0,0,0,0,0
A.J. Dillon,70,GB,3,2,5,17,0,0,0,0,0
Devontae Booker,71,LV,2,2,3,-1,0,1,1,6,0
Jaylen Samuels,72,PIT,2,2,0,0,0,2,1,4,0
Nyheim Hines,82,IND,2,2,0,0,0,1,1,4,0
Tyler Ervin,70,GB,3,2,0,0,0,1,1,4,0
Cam Akers,77,LAR,1,2,3,13,0,0,0,0,0
Ryan Nall,67,CHI,2,2,0,0,0,1,1,2,0
Senorise Perry,67,TEN,5,2,2,9,0,0,0,0,0
Jeremy McNichols,69,TEN,2,2,2,7,0,0,0,0,0
Jeffery Wilson,67,SF,4,2,2,3,0,0,0,0,0
Peyton Barber,73,WAS,1,2,1,1,0,0,0,0,0
Alvin Kamara,92,NO,1,3,6,58,0,14,13,139,2
Rex Burkhead,78,NE,4,3,6,49,2,10,7,49,1
Austin Ekeler,86,LAC,1,3,12,59,1,11,11,84,0
James Robinson,81,JAX,1,3,11,46,2,6,6,83,0
Derrick Henry,93,TEN,1,3,26,119,2,3,2,11,0
Dalvin Cook,97,MIN,1,3,22,181,1,5,2,18,0
James Conner,80,PIT,1,3,18,109,1,5,4,40,0
Nick Chubb,95,CLE,1,3,19,108,2,1,1,2,0
Mike Davis,78,CAR,1,3,13,46,0,9,8,45,1
Jeffery Wilson,67,SF,4,3,12,15,1,3,3,54,1
Darrell Henderson,73,LAR,1,3,20,114,1,3,1,6,0
Clyde Edwards-Helaire,83,KC,1,3,20,64,0,6,5,70,0
Ezekiel Elliott,88,DAL,1,3,14,34,1,11,6,24,0
Jerick McKinnon,75,SF,3,3,14,38,1,4,3,39,0
Aaron Jones,88,GB,1,3,16,69,1,4,2,17,0
Devin Singletary,79,BUF,1,3,13,71,0,5,4,50,0
Sony Michel,82,NE,1,3,9,117,0,2,2,23,0
Todd Gurley,78,ATL,1,3,14,80,1,2,1,2,0
Brian Hill,67,ATL,2,3,9,58,1,3,1,22,0
Miles Sanders,84,PHI,1,3,18,95,0,8,4,12,0
Myles Gaskin,76,MIA,1,3,22,66,0,5,5,29,0
Kareem Hunt,84,CLE,2,3,16,46,0,3,2,18,1
Jonathan Taylor,81,IND,1,3,13,59,1,1,1,3,0
Antonio Gibson,76,WAS,3,3,9,49,1,3,3,11,0
David Johnson,75,HOU,1,3,13,23,1,3,2,23,0
Chris Carson,89,SEA,1,3,14,64,0,3,3,12,0
Kalen Ballage,67,NYJ,4,3,2,8,0,5,5,44,0
Nyheim Hines,82,IND,2,3,7,21,0,5,4,40,0
Adrian Peterson,76,DET,1,3,22,75,0,1,1,10,0
Ronald Jones II,83,TB,1,3,13,53,0,4,2,20,0
Josh Jacobs,91,LV,1,3,16,71,0,4,3,12,0
Kenyan Drake,81,ARI,1,3,18,73,0,1,1,6,0
Chris Thompson,75,JAX,2,3,2,3,0,6,5,35,0
Joe Mixon,87,CIN,1,3,17,49,0,3,2,16,0
Giovani Bernard,81,CIN,1,3,0,0,0,3,3,55,0
J.K. Dobbins,77,BAL,1,3,1,6,0,4,4,38,0
JD McKissic,77,WAS,2,3,5,15,0,4,3,37,0
Melvin Gordon,83,DEN,1,3,8,26,0,6,4,12,0
Latavius Murray,82,NO,2,3,12,58,0,1,1,7,0
David Montgomery,79,CHI,1,3,14,45,0,3,2,9,0
Frank Gore,79,NYJ,1,3,15,57,0,1,1,5,0
Tarik Cohen,81,CHI,2,3,2,21,0,6,3,20,0
Jordan Howard,78,MIA,1,3,3,1,1,0,0,0,0
Anthony McFarland Jr.,67,PIT,3,3,6,42,0,2,1,7,0
Royce Freeman,75,DEN,2,3,2,4,0,2,2,31,0
Jordan Wilkins,73,IND,3,3,9,39,0,1,1,6,0
Chase Edmonds,79,ARI,2,3,3,13,0,2,2,21,0
Jalen Richard,77,LV,3,3,1,14,0,3,3,8,0
Joshua Kelley,67,LAC,3,3,8,43,0,2,2,9,0
LeSean McCoy,83,TB,2,3,0,0,0,4,2,24,0
Lamical Perine,67,NYJ,3,3,7,24,0,2,2,-1,0
JJ Taylor,67,NE,3,3,11,43,0,1,0,0,0
Leonard Fournette,81,TB,1,3,7,15,0,2,2,7,0
Kerryon Johnson,76,DET,2,3,3,16,0,1,1,14,0
Gus Edwards,81,BAL,2,3,4,39,0,0,0,0,0
Wayne Gallman,72,NYG,1,3,4,7,0,3,2,7,0
Carlos Hyde,79,SEA,2,3,4,12,0,1,1,11,0
Tyler Ervin,70,GB,3,3,1,5,0,2,2,8,0
Devontae Booker,71,LV,2,3,3,31,0,0,0,0,0
Mark Ingram,79,BAL,1,3,7,30,0,1,0,0,0
D'Andre Swift,76,DET,3,3,0,0,0,2,1,19,0
JaMycal Hasty,67,SF,6,3,2,9,0,1,1,9,0
Darrel Williams,67,KC,3,3,2,6,0,2,2,1,0
Jamaal Williams,78,GB,2,3,6,14,0,1,1,3,0
Alexander Mattison,73,MIN,2,3,8,27,0,0,0,0,0
Dion Lewis,76,NYG,2,3,1,0,0,3,1,10,0
Travis Homer,67,SEA,3,3,2,19,0,1,0,0,0
Malcolm Brown,70,LAR,2,3,7,19,0,2,0,0,0
TJ Yeldon,76,BUF,2,3,3,18,0,0,0,0,0
Reggie Bonnafon,67,CAR,2,3,2,16,0,0,0,0,0
Jeremy McNichols,69,TEN,2,3,0,0,0,1,1,5,0
Benny Snell Jr.,75,PIT,2,3,7,11,0,0,0,0,0
Devonta Freeman,76,NYG,1,3,5,10,0,0,0,0,0
Darrynton Evans,71,TEN,5,3,3,9,0,0,0,0,0
Corey Clement,76,PHI,3,3,3,8,0,0,0,0,0
Peyton Barber,73,WAS,1,3,3,6,0,0,0,0,0
Boston Scott,70,PHI,2,3,3,5,0,1,0,0,0
Tony Pollard,79,DAL,2,3,0,0,0,1,1,-5,0
Matt Breida,77,MIA,2,3,3,4,0,0,0,0,0
Jaylen Samuels,72,PIT,2,3,1,1,0,0,0,0,0
CJ Prosise,69,HOU,3,3,1,1,0,0,0,0,0
Joe Mixon,87,CIN,1,4,25,151,2,6,6,30,1
Dalvin Cook,97,MIN,1,4,27,130,2,2,2,16,0
Melvin Gordon,83,DEN,1,4,23,107,2,3,2,11,0
Chris Carson,89,SEA,1,4,16,80,2,4,3,20,0
Antonio Gibson,76,WAS,3,4,13,46,1,5,4,82,0
Jerick McKinnon,75,SF,3,4,14,54,1,8,7,43,0
Mike Davis,78,CAR,1,4,16,84,1,6,5,27,0
Aaron Jones,88,GB,1,4,15,71,0,5,5,40,1
Latavius Murray,82,NO,2,4,14,64,2,2,1,19,0
Alvin Kamara,92,NO,1,4,19,83,1,4,3,36,0
Todd Gurley,78,ATL,1,4,16,57,2,1,1,6,0
Kareem Hunt,84,CLE,2,4,11,71,2,0,0,0,0
Ronald Jones II,83,TB,1,4,20,111,0,9,6,17,0
Devin Singletary,79,BUF,1,4,18,56,1,6,5,21,0
Ezekiel Elliott,88,DAL,1,4,12,54,0,8,8,71,0
Jamaal Williams,78,GB,2,4,8,10,0,8,8,95,0
D'Andre Swift,76,DET,3,4,4,22,0,4,4,30,1
Reggie Bonnafon,67,CAR,2,4,10,53,0,2,2,18,1
Chase Edmonds,79,ARI,2,4,4,16,0,6,5,24,1
James Robinson,81,JAX,1,4,17,75,0,4,4,32,0
James White,81,NE,1,4,3,21,0,8,7,38,0
Clyde Edwards-Helaire,83,KC,1,4,16,64,0,3,3,27,0
David Johnson,75,HOU,1,4,16,63,0,3,2,29,0
Devonta Freeman,76,NYG,1,4,11,33,0,4,4,35,0
David Montgomery,79,CHI,1,4,10,27,0,6,3,30,0
Malcolm Brown,70,LAR,2,4,9,38,0,6,5,19,0
Mark Ingram,79,BAL,1,4,8,34,1,1,1,3,0
Ke’Shawn Vaughn,70,TB,2,4,3,4,0,3,2,22,1
Josh Jacobs,91,LV,1,4,15,48,0,4,3,25,0
Tony Pollard,79,DAL,2,4,3,16,1,2,1,16,0
Damien Harris,70,NE,1,4,17,100,0,0,0,0,0
Adrian Peterson,76,DET,1,4,11,36,1,2,0,0,0
JD McKissic,77,WAS,2,4,2,6,0,8,7,40,0
Miles Sanders,84,PHI,1,4,13,46,0,4,2,30,0
D'Ernest Johnson,67,CLE,3,4,13,95,0,0,0,0,0
Myles Gaskin,76,MIA,1,4,10,40,0,4,3,22,0
Jonathan Taylor,81,IND,1,4,17,68,0,1,1,11,0
Matt Breida,77,MIA,2,4,3,9,0,3,3,39,0
Travis Homer,67,SEA,3,4,4,5,0,1,1,3,1
Alexander Mattison,73,MIN,2,4,7,17,1,0,0,0,0
Duke Johnson,74,HOU,2,4,5,24,0,4,3,21,0
Nyheim Hines,82,IND,2,4,9,24,0,3,3,8,0
Rex Burkhead,78,NE,4,4,11,45,0,1,1,5,0
Ito Smith,80,ATL,3,4,2,3,0,3,3,24,0
Darrell Henderson,73,LAR,1,4,8,21,0,1,1,16,0
Frank Gore,79,NYJ,1,4,13,30,0,2,1,6,0
Wayne Gallman,72,NYG,1,4,6,45,0,0,0,0,0
Brian Hill,67,ATL,2,4,4,10,0,2,2,13,0
DeeJay Dallas,67,SEA,4,4,2,8,0,2,2,15,0
Joshua Kelley,67,LAC,3,4,9,7,0,3,3,26,0
Nick Chubb,95,CLE,1,4,6,43,0,0,0,0,0
Jordan Wilkins,73,IND,3,4,9,15,0,1,1,16,0
Justin Jackson,73,LAC,2,4,6,9,0,2,2,12,0
Dion Lewis,76,NYG,2,4,1,10,0,3,2,8,0
Gus Edwards,81,BAL,2,4,9,38,0,0,0,0,0
Jalen Richard,77,LV,3,4,1,6,0,4,2,10,0
Kenyan Drake,81,ARI,1,4,13,35,0,0,0,0,0
Royce Freeman,75,DEN,2,4,3,6,0,2,2,6,0
Kalen Ballage,67,NYJ,4,4,0,0,0,3,2,11,0
Dontrell Hilliard,68,CLE,5,4,5,19,0,1,1,2,0
Jeffery Wilson,67,SF,4,4,3,6,0,1,1,13,0
J.K. Dobbins,77,BAL,1,4,5,16,0,2,1,1,0
Austin Ekeler,86,LAC,1,4,2,12,0,1,1,2,0
Kerryon Johnson,76,DET,2,4,3,9,0,1,1,3,0
Giovani Bernard,81,CIN,1,4,2,19,0,0,0,0,0
Tyler Ervin,70,GB,3,4,0,0,0,2,1,8,0
LeSean McCoy,83,TB,2,4,1,3,0,1,1,3,0
Lamical Perine,67,NYJ,3,4,5,15,0,0,0,0,0
Theo Riddick,76,LV,3,4,2,13,0,0,0,0,0
Jordan Howard,78,MIA,1,4,2,2,0,1,1,-3,0
Peyton Barber,73,WAS,1,4,3,5,0,1,0,0,0
Corey Clement,76,PHI,3,4,2,3,0,0,0,0,0
A.J. Dillon,70,GB,3,4,1,3,0,0,0,0,0
Darrel Williams,67,KC,3,4,1,2,0,1,0,0,0
Boston Scott,70,PHI,2,4,2,1,0,0,0,0,0
Mike Davis,78,CAR,1,5,16,89,0,10,9,60,1
Todd Gurley,78,ATL,1,5,14,121,1,5,4,29,0
Miles Sanders,84,PHI,1,5,11,80,2,4,2,19,0
Ezekiel Elliott,88,DAL,1,5,19,91,2,2,1,14,0
Josh Jacobs,91,LV,1,5,23,77,2,3,2,8,0
Darrell Henderson,73,LAR,1,5,15,38,1,4,3,30,1
Chase Edmonds,79,ARI,2,5,3,36,1,6,5,56,0
Myles Gaskin,76,MIA,1,5,16,57,1,5,5,34,0
Alvin Kamara,92,NO,1,5,11,45,0,10,8,74,0
Dalvin Cook,97,MIN,1,5,17,65,1,5,5,24,0
Chris Carson,89,SEA,1,5,8,52,1,7,6,27,0
David Montgomery,79,CHI,1,5,10,29,1,8,7,30,0
Kareem Hunt,84,CLE,2,5,20,72,0,4,3,21,1
Devonta Freeman,76,NYG,1,5,17,60,1,3,2,27,0
Alexander Mattison,73,MIN,2,5,20,112,0,3,3,24,0
Ronald Jones II,83,TB,1,5,17,106,0,5,3,19,0
Joe Mixon,87,CIN,1,5,24,59,0,8,6,35,0
Jonathan Taylor,81,IND,1,5,12,57,1,3,2,17,0
James Conner,80,PIT,1,5,15,44,1,3,3,19,0
Raheem Mostert,84,SF,1,5,11,90,0,3,3,29,0
Justin Jackson,73,LAC,2,5,15,71,0,6,5,23,0
Kenyan Drake,81,ARI,1,5,18,60,1,1,1,2,0
David Johnson,75,HOU,1,5,17,96,0,4,2,7,0
Clyde Edwards-Helaire,83,KC,1,5,10,40,0,8,3,40,0
JD McKissic,77,WAS,2,5,1,3,0,8,6,46,0
Antonio Gibson,76,WAS,3,5,11,27,0,5,5,24,0
James Robinson,81,JAX,1,5,13,48,0,7,5,22,0
J.K. Dobbins,77,BAL,1,5,1,34,0,3,3,21,0
Latavius Murray,82,NO,2,5,8,34,0,2,2,23,0
Devontae Booker,71,LV,2,5,7,62,0,1,1,5,0
Brian Hill,67,ATL,2,5,6,39,0,2,2,15,0
Chris Thompson,75,JAX,2,5,2,7,0,3,3,35,0
Jalen Richard,77,LV,3,5,1,4,0,5,4,26,0
Matt Breida,77,MIA,2,5,9,28,0,1,1,31,0
Cam Akers,77,LAR,1,5,9,61,0,0,0,0,0
Mark Ingram,79,BAL,1,5,11,57,0,0,0,0,0
Tony Pollard,79,DAL,2,5,6,30,0,3,2,2,0
Le'Veon Bell,79,KC,2,5,6.9,43.7,0,0.5,0.5,3.7,0
Nyheim Hines,82,IND,2,5,3,8,0,4,2,22,0
Joshua Kelley,67,LAC,3,5,11,29,0,1,1,9,0
D'Ernest Johnson,67,CLE,3,5,8,32,0,1,1,4,0
Wayne Gallman,72,NYG,1,5,5,24,0,2,2,0,0
Malcolm Brown,70,LAR,2,5,8,30,0,2,1,-6,0
Frank Gore,79,NYJ,1,5,9,30,0,0,0,0,0
Duke Johnson,74,HOU,2,5,3,8,0,1,1,11,0
Darrel Williams,67,KC,3,5,0.5,2.1,0,2.6,0.5,10.9,0
Jeffery Wilson,67,SF,4,5,4,27,0,1,0,0,0
Jerick McKinnon,75,SF,3,5,1,0,0,4,2,5,0
Gus Edwards,81,BAL,2,5,7,25,0,3,0,0,0
Dion Lewis,76,NYG,2,5,0,0,0,4,2,1,0
Mike Boone,67,MIN,4,5,2,19,0,0,0,0,0
Benny Snell Jr.,75,PIT,2,5,7,19,0,0,0,0,0
Giovani Bernard,81,CIN,1,5,0,0,0,2,1,4,0
Travis Homer,67,SEA,3,5,3,14,0,0,0,0,0
Anthony McFarland Jr.,67,PIT,3,5,3,6,0,0,0,0,0
Ito Smith,80,ATL,3,5,2,6,0,0,0,0,0
Ke’Shawn Vaughn,70,TB,2,5,0,0,0,3,2,5,0
Boston Scott,70,PHI,2,5,1,3,0,0,0,0,0
Elijhaa Penny,70,NYG,1,5,1,3,0,0,0,0,0
Jordan Wilkins,73,IND,3,5,1,1,0,0,0,0,0
Derrick Henry,93,TEN,1,6,22,212,2,5,2,52,0
Kenyan Drake,81,ARI,1,6,20,164,2,2,0,0,0
D'Andre Swift,76,DET,3,6,14,116,2,4,3,7,0
Ronald Jones II,83,TB,1,6,23,113,2,2,2,8,0
Clyde Edwards-Helaire,83,KC,1,6,26,161,0,4,4,8,0
James Conner,80,PIT,1,6,20,101,1,1,1,1,0
Myles Gaskin,76,MIA,1,6,18,91,0,4,4,35,0
Jonathan Taylor,81,IND,1,6,12,60,0,4,4,55,0
James White,81,NE,1,6,4,8,0,9,8,65,0
James Robinson,81,JAX,1,6,12,29,0,4,4,24,1
Joe Mixon,87,CIN,1,6,18,54,1,3,2,15,0
JD McKissic,77,WAS,2,6,8,41,0,6,6,43,0
David Johnson,75,HOU,1,6,19,57,1,2,1,12,0
David Montgomery,79,CHI,1,6,19,58,0,5,4,39,0
Aaron Jones,88,GB,1,6,10,15,1,5,3,26,0
Adrian Peterson,76,DET,1,6,15,40,1,1,1,18,0
Miles Sanders,84,PHI,1,6,9,118,0,2,1,-6,0
Ezekiel Elliott,88,DAL,1,6,12,49,0,11,8,31,0
Giovani Bernard,81,CIN,1,6,8,15,1,3,3,13,0
Mike Davis,78,CAR,1,6,18,52,1,3,2,3,0
Darrel Williams,67,KC,3,6,6,26,1,1,1,15,0
Frank Gore,79,NYJ,1,6,11,46,0,4,4,24,0
Phillip Lindsay,82,DEN,1,6,23,101,0,0,0,0,0
Todd Gurley,78,ATL,1,6,20,47,0,4,3,20,0
Raheem Mostert,84,SF,1,6,17,65,0,2,2,11,0
Antonio Gibson,76,WAS,3,6,9,30,0,5,4,25,0
Darrell Henderson,73,LAR,1,6,14,88,0,0,0,4,0
Benny Snell Jr.,75,PIT,2,6,6,17,1,1,1,4,0
Gus Edwards,81,BAL,2,6,14,26,1,0,0,0,0
Jeremy McNichols,69,TEN,2,6,5,51,0,3,2,11,0
Nyheim Hines,82,IND,2,6,0,0,0,6,5,27,0
Kareem Hunt,84,CLE,2,6,13,40,0,3,2,17,0
Devonta Freeman,76,NYG,1,6,18,61,0,2,1,-4,0
Tony Pollard,79,DAL,2,6,10,31,0,4,2,9,0
Lamical Perine,67,NYJ,3,6,7,27,0,3,2,9,0
Devin Singletary,79,BUF,1,6,10,32,0,2,1,13,0
Malcolm Brown,70,LAR,2,6,2,4,0,4,3,18,0
J.K. Dobbins,77,BAL,1,6,9,28,0,4,2,1,0
Jerick McKinnon,75,SF,3,6,6,18,0,3,2,10,0
Trenton Cannon,69,CAR,3,6,3,12,0,2,2,15,0
Chris Thompson,75,JAX,2,6,0,0,0,4,3,15,0
Damien Harris,70,NE,1,6,6,19,0,1,1,14,0
Ty Johnson,67,NYJ,1,6,3,42,0,1,0,0,0
Matt Breida,77,MIA,2,6,6,15,0,2,2,7,0
Ke’Shawn Vaughn,70,TB,2,6,5,42,0,1,0,0,0
Alexander Mattison,73,MIN,2,6,10,26,0,2,1,4,0
Royce Freeman,75,DEN,2,6,8,26,0,1,1,4,0
Chase Edmonds,79,ARI,2,6,5,23,0,2,1,6,0
JaMycal Hasty,67,SF,6,6,9,37,0,1,0,0,0
Ito Smith,80,ATL,3,6,2,8,0,1,1,17,0
Jamaal Williams,78,GB,2,6,4,34,0,1,0,0,0
Brian Hill,67,ATL,2,6,10,28,0,2,2,6,0
A.J. Dillon,70,GB,3,6,5,31,0,0,0,0,0
Kerryon Johnson,76,DET,2,6,4,9,0,2,1,11,0
Boston Scott,70,PHI,2,6,2,4,0,4,2,5,0
Dontrell Hilliard,68,CLE,5,6,4,29,0,0,0,0,0
Duke Johnson,74,HOU,2,6,4,9,0,2,1,2,0
Peyton Barber,73,WAS,1,6,4,6,0,1,1,4,0
Dion Lewis,76,NYG,2,6,0,0,0,1,1,10,0
Mark Ingram,79,BAL,1,6,5,20,0,0,0,0,0
Ameer Abdullah,67,MIN,3,6,2,7,0,2,1,1,0
Anthony McFarland Jr.,67,PIT,3,6,3,2,0,1,1,6,0
LeSean McCoy,83,TB,2,6,4,1,0,1,1,6,0
Darwin Thompson,67,KC,4,6,3,17,0,0,0,0,0
Mike Boone,67,MIN,4,6,1,-1,0,1,1,6,0
Rex Burkhead,78,NE,4,6,5,14,0,0,0,0,0
Rico Dowdle,67,DAL,3,6,3,13,0,0,0,0,0
Patrick Laird,67,MIA,5,6,0,0,0,1,1,2,0
Zack Moss,68,BUF,2,6,5,10,0,0,0,0,0
D'Ernest Johnson,67,CLE,3,6,4,1,0,1,0,0,0
Jeffery Wilson,68,SF,4,7,17,112,3,2,2,8,0
James Robinson,67,JAX,4,7,22,119,1,6,4,18,1
Todd Gurley,84,ATL,1,7,23,63,2,3,2,19,0
Antonio Gibson,71,WAS,1,7,20,128,1,1,0,0,0
Jamaal Williams,79,GB,3,7,19,77,1,5,4,37,0
Kareem Hunt,87,CLE,2,7,18,76,0,4,3,26,1
Giovani Bernard,79,CIN,2,7,13,37,0,5,5,59,1
Boston Scott,70,PHI,2,7,12,46,0,5,3,46,1
Alvin Kamara,90,NO,1,7,14,83,0,8,8,65,0
Chase Edmonds,71,ARI,2,7,5,58,0,7,7,87,0
Carlos Hyde,83,SEA,2,7,15,68,1,4,3,8,0
Derrick Henry,95,TEN,1,7,20,75,1,2,2,-3,0
David Johnson,78,HOU,1,7,14,42,0,4,4,42,1
Clyde Edwards-Helaire,71,KC,1,7,8,46,1,4,1,17,0
Malcolm Brown,74,LAR,3,7,10,57,1,1,0,0,0
Lamical Perine,67,NYJ,3,7,11,39,1,3,2,16,0
Wayne Gallman,71,NYG,3,7,10,34,1,5,5,20,0
James Conner,83,PIT,1,7,20,82,0,5,3,29,0
D'Andre Swift,73,DET,1,7,9,27,1,5,4,21,0
Melvin Gordon,84,DEN,1,7,17,68,1,4,2,12,0
Leonard Fournette,85,TB,1,7,11,50,0,7,6,47,0
Ronald Jones II,81,TB,2,7,13,34,1,2,1,2,0
Phillip Lindsay,82,DEN,2,7,9,79,0,0,0,0,0
Darrell Henderson,72,LAR,2,7,15,64,0,2,2,13,0
JaMycal Hasty,67,SF,6,7,9,57,0,1,1,16,0
Zack Moss,68,BUF,2,7,7,47,0,3,3,25,0
Damien Harris,71,NE,3,7,10,58,0,1,1,12,0
David Montgomery,80,CHI,1,7,14,48,0,5,5,21,0
Benny Snell Jr.,70,PIT,2,7,2,2,1,0,0,0,0
Frank Gore,82,NYJ,2,7,11,60,0,0,0,0,0
Latavius Murray,77,NO,2,7,11,47,0,1,1,9,0
Justin Jackson,74,LAC,2,7,5,12,0,6,5,43,0
Joshua Kelley,67,LAC,3,7,12,29,0,5,5,24,0
Ezekiel Elliott,90,DAL,1,7,12,45,0,2,1,6,0
JD McKissic,76,WAS,4,7,5,35,0,2,2,16,0
Devin Singletary,81,BUF,1,7,8,29,0,5,2,18,0
Rex Burkhead,78,NE,4,7,4,12,0,4,3,35,0
Duke Johnson,80,HOU,2,7,1,-1,0,5,5,43,0
Kenyan Drake,83,ARI,1,7,14,34,0,2,1,7,0
Chris Carson,83,SEA,1,7,5,34,0,2,1,7,0
Le'Veon Bell,87,KC,1,7,6,39,0,0,0,0,0
Mike Davis,72,CAR,2,7,7,12,0,5,5,24,0
Peyton Barber,74,WAS,3,7,10,34,0,0,0,0,0
Josh Jacobs,88,LV,1,7,10,17,0,4,3,14,0
Adrian Peterson,79,DET,3,7,11,29,0,1,1,1,0
Brian Hill,67,ATL,3,7,2,3,0,3,3,27,0
Jalen Richard,75,LV,2,7,7,24,0,0,0,0,0
Tony Pollard,76,DAL,2,7,8,16,0,1,1,6,0
Corey Clement,72,PHI,3,7,2,9,0,1,1,12,0
DeeJay Dallas,67,SEA,4,7,0,0,0,3,2,18,0
Royce Freeman,77,DEN,3,7,3,12,0,2,1,5,0
Devontae Booker,70,LV,3,7,3,5,0,2,2,9,0
Jason Huntley,67,PHI,4,7,2,13,0,1,0,0,0
A.J. Dillon,70,GB,2,7,5,11,0,0,0,0,0
Travis Homer,67,SEA,5,7,3,10,0,0,0,0,0
Devonta Freeman,83,NYG,1,7,3,8,0,1,0,0,0
Deandre Washington,76,KC,4,7,3,5,0,1,1,2,0
Trenton Cannon,68,CAR,3,7,1,7,0,0,0,0,0
Anthony McFarland Jr.,67,PIT,3,7,1,6,0,1,0,0,0
Samaje Perine,69,CIN,4,7,1,3,0,1,1,3,0
Troymaine Pope,67,LAC,3,7,1,6,0,0,0,0,0
Jaylen Samuels,71,PIT,4,7,1,5,0,0,0,0,0
James White,84,NE,1,7,0,0,0,1,1,3,0
Dion Lewis,76,NYG,2,7,3,23,0,0,0,0,0
D'Ernest Johnson,67,CLE,3,7,1,3,0,0,0,0,0
Jeremy McNichols,69,TEN,4,7,1,2,0,0,0,0,0
Dalvin Cook,97,MIN,1,8,30,163,3,3,2,63,1
Alvin Kamara,92,NO,1,8,12,67,0,13,9,96,0
Giovani Bernard,81,CIN,1,8,15,62,1,4,3,16,1
DeeJay Dallas,67,SEA,4,8,18,41,1,5,5,17,1
Nyheim Hines,82,IND,2,8,5,8,0,5,3,54,2
Jordan Wilkins,73,IND,3,8,20,89,1,1,1,24,0
Zack Moss,68,BUF,2,8,14,81,2,1,0,0,0
Jamaal Williams,78,GB,2,8,16,75,0,6,6,27,0
Derrick Henry,93,TEN,1,8,18,112,1,1,0,0,0
Justin Jackson,73,LAC,2,8,17,89,0,5,3,53,0
Damien Harris,70,NE,1,8,16,102,1,0,0,0,0
Phillip Lindsay,82,DEN,1,8,6,83,1,3,1,3,0
James Conner,80,PIT,1,8,15,47,1,3,3,13,0
Gus Edwards,81,BAL,2,8,16,87,1,1,0,0,0
Troymaine Pope,67,LAC,4,8,10,67,0,7,5,28,0
Jerick McKinnon,75,SF,3,8,3,-1,1,4,4,40,0
Myles Gaskin,76,MIA,1,8,18,47,1,6,3,16,0
Wayne Gallman,72,NYG,1,8,12,44,1,1,1,18,0
J.K. Dobbins,77,BAL,1,8,15,113,0,2,1,8,0
Josh Jacobs,91,LV,1,8,31,128,0,1,0,0,0
David Montgomery,79,CHI,1,8,21,89,0,5,2,16,0
Melvin Gordon,83,DEN,1,8,8,26,0,7,6,21,0
Todd Gurley,78,ATL,1,8,18,46,1,0,0,0,0
Samaje Perine,69,CIN,2,8,10,32,1,1,1,2,0
Devin Singletary,79,BUF,1,8,14,86,0,1,1,6,0
JaMycal Hasty,67,SF,6,8,12,29,1,1,1,2,0
Leonard Fournette,81,TB,1,8,15,52,0,6,3,19,0
Boston Scott,70,PHI,2,8,15,70,0,2,2,9,0
Kerryon Johnson,76,DET,2,8,0,0,0,2,2,15,1
Kareem Hunt,84,CLE,2,8,14,66,0,3,2,7,0
Dion Lewis,76,NYG,2,8,0,0,0,3,2,8,1
Mike Davis,78,CAR,1,8,13,66,0,2,1,11,0
Tony Pollard,79,DAL,2,8,7,40,0,2,2,24,0
Brian Hill,67,ATL,2,8,11,55,0,3,2,9,0
Ezekiel Elliott,88,DAL,1,8,19,63,0,2,1,10,0
Malcolm Brown,70,LAR,2,8,10,40,0,2,2,17,0
Le'Veon Bell,79,KC,2,8,6,7,0,3,3,31,0
Darrell Henderson,73,LAR,1,8,8,47,0,2,1,11,0
Cam Akers,77,LAR,1,8,9,35,0,1,1,19,0
Latavius Murray,82,NO,2,8,8,17,0,3,3,14,0
Clyde Edwards-Helaire,83,KC,1,8,6,21,0,3,3,10,0
Devontae Booker,71,LV,2,8,5,29,0,1,1,17,0
James White,81,NE,1,8,2,0,0,4,2,35,0
D'Andre Swift,76,DET,3,8,6,1,0,4,3,22,0
Jonathan Taylor,81,IND,1,8,11,22,0,3,2,9,0
Jeremy McNichols,69,TEN,2,8,4,49,0,1,0,0,0
A.J. Dillon,70,GB,3,8,5,21,0,1,1,16,0
Rex Burkhead,78,NE,4,8,6,26,0,1,1,5,0
Corey Clement,76,PHI,3,8,5,24,0,2,1,4,0
D'Onta Foreman,77,TEN,4,8,5,37,0,0,0,0,0
Darrel Williams,67,KC,3,8,3,19,0,1,1,7,0
Joshua Kelley,67,LAC,3,8,7,32,0,1,1,-7,0
Ty Johnson,67,NYJ,1,8,3,15,0,1,1,6,0
Frank Gore,79,NYJ,1,8,10,30,0,0,0,0,0
Alfred Morris,74,NYG,3,8,8,28,0,0,0,0,0
Jalen Richard,77,LV,3,8,1,6,0,1,1,12,0
Adrian Peterson,76,DET,1,8,5,7,0,1,1,5,0
Elijhaa Penny,70,NYG,1,8,0,0,0,1,1,11,0
D'Ernest Johnson,67,CLE,3,8,2,6,0,1,1,5,0
Tevin Coleman,85,SF,2,8,3,20,0,0,0,0,0
Tyler Ervin,70,GB,3,8,0,0,0,3,1,7,0
Khari Blasingame,67,TEN,3,8,0,0,0,1,1,5,0
Matt Breida,77,MIA,2,8,4,13,0,0,0,0,0
Ryan Nall,67,CHI,2,8,0,0,0,1,1,2,0
Alexander Mattison,73,MIN,2,8,3,8,0,0,0,0,0
Travis Homer,67,SEA,3,8,1,4,0,0,0,0,0
Darwin Thompson,67,KC,4,8,4,3,0,1,0,0,0
Qadree Ollison,67,ATL,4,8,1,3,0,0,0,0,0
Anthony McFarland Jr.,67,PIT,3,8,1,1,0,0,0,0,0
Dalvin Cook,97,MIN,1,9,22,206,2,2,2,46,0
Christian McCaffrey,99,CAR,2,9,18,69,1,10,10,82,1
JD McKissic,77,WAS,2,9,3,17,0,14,9,65,0
Kalen Ballage,67,NYJ,4,9,15,69,1,3,2,15,0
Alvin Kamara,92,NO,1,9,9,40,1,6,5,9,0
James Robinson,81,JAX,1,9,25,99,1,2,0,0,0
Jerick McKinnon,75,SF,3,9,12,52,1,4,3,16,0
Duke Johnson,74,HOU,2,9,16,41,1,4,4,32,0
Wayne Gallman,72,NYG,1,9,14,68,1,2,1,9,0
Josh Jacobs,91,LV,1,9,14,65,1,1,1,3,0
Ryan Nall,67,CHI,2,9,0,0,0,4,4,35,1
Todd Gurley,78,ATL,1,9,19,53,1,2,2,2,0
Aaron Jones,88,GB,1,9,15,58,0,5,5,21,0
Devontae Booker,71,LV,2,9,8,68,1,0,0,0,0
Zack Moss,68,BUF,2,9,9,18,1,2,2,30,0
D'Andre Swift,76,DET,3,9,13,64,0,5,3,33,0
Antonio Gibson,76,WAS,3,9,6,20,1,3,3,35,0
Clyde Edwards-Helaire,83,KC,1,9,5,14,0,5,3,20,1
DeeJay Dallas,67,SEA,4,9,7,31,1,2,2,8,0
Chase Edmonds,79,ARI,2,9,25,70,0,3,3,18,0
Tyler Ervin,70,GB,3,9,8,24,0,5,4,48,0
Travis Homer,67,SEA,3,9,6,16,0,3,3,64,0
Joshua Kelley,67,LAC,3,9,9,28,0,5,5,31,0
Leonard Fournette,81,TB,1,9,1,0,0,6,6,41,0
Kerryon Johnson,76,DET,2,9,4,29,0,3,3,36,0
Jonathan Taylor,81,IND,1,9,6,27,1,2,2,7,0
Gus Edwards,81,BAL,2,9,11,23,1,2,2,11,0
Ameer Abdullah,67,MIN,3,9,0,0,0,1,1,22,1
Ezekiel Elliott,88,DAL,1,9,18,51,0,3,2,18,0
Mike Davis,78,CAR,1,9,1,3,0,6,5,34,0
Alfred Morris,74,NYG,3,9,9,67,0,1,1,4,0
Jordan Howard,78,MIA,1,9,10,19,1,0,0,0,0
Chris Thompson,75,JAX,2,9,1,3,0,4,4,35,0
Adrian Peterson,76,DET,1,9,8,29,0,5,3,14,0
Alexander Mattison,73,MIN,2,9,12,69,0,0,0,0,0
Derrick Henry,93,TEN,1,9,21,68,0,0,0,0,0
Tony Pollard,79,DAL,2,9,9,57,0,2,1,1,0
Devin Singletary,79,BUF,1,9,2,1,0,3,3,33,0
Latavius Murray,82,NO,2,9,10,39,0,2,2,3,0
Jordan Wilkins,73,IND,3,9,11,39,0,2,2,-1,0
Nyheim Hines,82,IND,2,9,2,18,0,3,2,20,0
J.K. Dobbins,77,BAL,1,9,12,30,0,2,2,5,0
David Montgomery,79,CHI,1,9,14,30,0,3,3,12,0
Ronald Jones II,83,TB,1,9,3,9,0,4,3,9,0
Anthony McFarland Jr.,67,PIT,3,9,3,7,0,2,2,15,0
Dion Lewis,76,NYG,2,9,3,5,0,2,2,16,0
James Conner,80,PIT,1,9,9,22,0,2,2,-2,0
Salvon Ahmed,67,MIA,3,9,7,38,0,0,0,0,0
Melvin Gordon,83,DEN,1,9,6,18,0,1,1,9,0
JaMycal Hasty,67,SF,6,9,4,3,0,2,2,10,0
Jalen Richard,77,LV,3,9,1,3,0,1,1,19,0
Patrick Laird,67,MIA,5,9,1,-1,0,1,1,17,0
Brian Hill,67,ATL,2,9,8,24,0,1,0,0,0
Phillip Lindsay,82,DEN,1,9,8,23,0,3,0,0,0
DJ Foster,67,ARI,5,9,1,2,0,1,1,7,0
David Johnson,75,HOU,1,9,2,16,0,1,0,0,0
Darrel Williams,67,KC,3,9,0,0,0,1,1,3,0
Le'Veon Bell,79,KC,2,9,4,8,0,1,1,-5,0
D'Onta Foreman,77,TEN,4,9,5,11,0,0,0,0,0
Jeremy McNichols,69,TEN,2,9,2,10,0,0,0,0,0
Dwayne Washington,67,NO,3,9,5,9,0,0,0,0,0
Dexter Williams,67,GB,3,9,2,8,0,0,0,0,0
Elijhaa Penny,70,NYG,1,9,1,2,0,1,0,0,0
Benny Snell Jr.,75,PIT,2,9,3,1,0,0,0,0,0
Alvin Kamara,92,NO,1,10,8,15,2,8,7,83,1
Josh Jacobs,91,LV,1,10,21,112,2,4,4,24,0
Nyheim Hines,82,IND,2,10,12,70,1,6,5,45,1
Rex Burkhead,78,NE,4,10,6,31,0,5,4,35,2
Antonio Gibson,76,WAS,3,10,13,45,2,4,4,20,0
Devontae Booker,71,LV,2,10,16,81,2,1,1,2,0
Malcolm Brown,70,LAR,2,10,6,33,2,2,2,18,0
Wayne Gallman,72,NYG,1,10,18,53,2,2,1,7,0
Nick Chubb,95,CLE,1,10,19,126,1,1,0,0,0
JD McKissic,77,WAS,2,10,8,6,1,15,7,43,0
Kareem Hunt,84,CLE,2,10,19,104,0,4,3,28,0
Dalvin Cook,97,MIN,1,10,30,96,0,4,4,16,0
Aaron Jones,88,GB,1,10,13,46,0,6,5,49,0
Boston Scott,70,PHI,2,10,3,63,1,1,1,11,0
Miles Sanders,84,PHI,1,10,15,85,0,5,2,10,0
James Robinson,81,JAX,1,10,23,109,0,5,2,3,0
Damien Harris,70,NE,1,10,22,121,0,0,0,0,0
Derrick Henry,93,TEN,1,10,19,103,0,2,1,6,0
Chase Edmonds,79,ARI,2,10,8,56,0,3,3,21,0
Darrell Henderson,73,LAR,1,10,7,28,1,1,1,5,0
Kenyan Drake,81,ARI,1,10,16,100,0,1,1,9,0
D'Onta Foreman,77,TEN,4,10,7,18,0,1,1,5,1
Giovani Bernard,81,CIN,1,10,8,30,0,7,4,17,0
Jamaal Williams,78,GB,2,10,8,30,0,4,3,25,0
Mike Davis,78,CAR,1,10,7,32,0,5,4,12,0
Gus Edwards,81,BAL,2,10,7,42,0,2,1,31,0
James Conner,80,PIT,1,10,13,36,0,2,2,12,0
Corey Clement,76,PHI,3,10,1,5,1,0,0,0,0
Samaje Perine,69,CIN,2,10,7,48,0,1,1,7,0
Latavius Murray,82,NO,2,10,9,57,0,0,0,0,0
Jonathan Taylor,81,IND,1,10,7,12,0,2,2,25,0
Jerick McKinnon,75,SF,3,10,18,33,0,3,1,13,0
Duke Johnson,74,HOU,2,10,14,54,0,1,0,0,0
DeeJay Dallas,67,SEA,4,10,2,8,0,3,2,23,0
Leonard Fournette,81,TB,1,10,8,19,0,3,2,11,0
Travis Homer,67,SEA,3,10,0,0,0,3,3,19,0
Mark Ingram,79,BAL,1,10,5,5,0,2,2,24,0
Melvin Gordon,83,DEN,1,10,11,46,0,2,0,0,0
Royce Freeman,75,DEN,2,10,2,11,0,2,2,15,0
Jeremy McNichols,69,TEN,2,10,3,26,0,1,1,8,0
Adrian Peterson,76,DET,1,10,4,21,0,1,1,9,0
Cam Akers,77,LAR,1,10,10,38,0,0,0,0,0
Dion Lewis,76,NYG,2,10,0,0,0,2,2,17,0
Alfred Morris,74,NYG,3,10,8,34,0,0,0,0,0
Jordan Wilkins,73,IND,3,10,8,28,0,1,0,0,0
James White,81,NE,1,10,0,0,0,2,2,8,0
Ryan Nall,67,CHI,2,10,1,0,0,2,1,18,0
Zack Moss,68,BUF,2,10,7,20,0,2,1,-3,0
Peyton Barber,73,WAS,1,10,2,7,0,1,1,7,0
J.K. Dobbins,77,BAL,1,10,5,13,0,2,1,1,0
Khari Blasingame,67,TEN,3,10,0,0,0,1,1,13,0
Trayveon Williams,67,CIN,3,10,5,22,0,0,0,0,0
Joshua Kelley,67,LAC,3,10,7,21,0,0,0,0,0
Devin Singletary,79,BUF,1,10,4,15,0,5,1,-5,0
Patrick Laird,67,MIA,5,10,2,19,0,0,0,0,0
Dare Ogunbowale,67,JAX,2,10,0,0,0,2,1,5,0
Tyler Ervin,70,GB,3,10,1,0,0,1,1,3,0
CJ Prosise,69,HOU,3,10,0,0,0,1,1,-2,0
Alexander Mattison,73,MIN,2,10,2,4,0,0,0,0,0
Kerryon Johnson,76,DET,2,10,1,3,0,0,0,0,0
Deandre Washington,70,KC,4,10,2,2,0,0,0,0,0
Phillip Lindsay,82,DEN,1,10,4,2,0,1,0,0,0
Dalvin Cook,97,MIN,1,11,27,115,1,5,5,45,0
Clyde Edwards-Helaire,83,KC,1,11,14,69,2,2,1,8,0
Derrick Henry,93,TEN,1,11,28,133,1,2,1,-1,0
Ezekiel Elliott,88,DAL,1,11,21,103,0,2,2,11,1
J.K. Dobbins,77,BAL,1,11,15,70,1,2,2,15,0
Melvin Gordon,83,DEN,1,11,15,84,2,0,0,0,0
Carlos Hyde,79,SEA,2,11,14,79,1,3,2,16,0
Antonio Gibson,76,WAS,3,11,16,94,1,2,1,10,0
Aaron Jones,88,GB,1,11,10,41,1,4,4,30,0
Kenyan Drake,81,ARI,1,11,11,29,1,5,4,31,0
Mike Davis,78,CAR,1,11,19,64,1,2,2,15,0
Jonathan Taylor,81,IND,1,11,22,90,0,4,4,24,0
Frank Gore,79,NYJ,1,11,15,61,1,2,2,10,0
Chase Edmonds,79,ARI,2,11,2,13,0,4,4,36,1
James White,81,NE,1,11,5,19,0,9,6,64,0
Kalen Ballage,67,NYJ,4,11,16,44,0,9,7,27,0
Josh Jacobs,91,LV,1,11,17,55,1,1,1,9,0
James Conner,80,PIT,1,11,13,89,0,3,3,10,0
Salvon Ahmed,67,MIA,3,11,12,43,0,6,5,31,0
Damien Harris,70,NE,1,11,11,43,1,2,1,11,0
Tony Pollard,79,DAL,2,11,5,60,1,0,0,0,0
James Robinson,81,JAX,1,11,17,73,0,2,2,21,0
Nick Chubb,95,CLE,1,11,20,114,0,0,0,0,0
Le'Veon Bell,79,KC,2,11,7,25,1,1,1,11,0
Latavius Murray,82,NO,2,11,12,49,0,2,2,36,0
Alvin Kamara,92,NO,1,11,13,45,1,1,0,0,0
JD McKissic,77,WAS,2,11,6,43,0,4,3,26,0
Leonard Fournette,81,TB,1,11,7,17,1,4,1,9,0
Giovani Bernard,81,CIN,1,11,9,18,0,5,4,37,0
Kareem Hunt,84,CLE,2,11,13,11,1,1,1,10,0
Miles Sanders,84,PHI,1,11,16,66,0,5,3,15,0
Cam Akers,77,LAR,1,11,5,15,0,1,1,4,1
Jamaal Williams,78,GB,2,11,5,12,0,2,1,4,1
Nyheim Hines,82,IND,2,11,6,2,0,4,3,31,0
Phillip Lindsay,82,DEN,1,11,16,82,0,0,0,0,0
Boston Scott,70,PHI,2,11,5,24,0,3,3,26,0
Benny Snell Jr.,75,PIT,2,11,7,15,1,0,0,0,0
Duke Johnson,74,HOU,2,11,10,15,0,5,3,20,0
Kerryon Johnson,76,DET,2,11,6,17,0,5,2,21,0
Ty Johnson,67,NYJ,1,11,0,0,0,6,4,17,0
Darrel Williams,67,KC,3,11,0,0,0,3,3,22,0
DeeJay Dallas,67,SEA,4,11,1,13,0,2,2,19,0
Jordan Wilkins,73,IND,3,11,4,21,0,1,1,15,0
Todd Gurley,78,ATL,1,11,8,26,0,2,1,3,0
Malcolm Brown,70,LAR,2,11,3,20,0,1,1,8,0
Troymaine Pope,67,LAC,4,11,3,4,0,2,2,12,0
Devine Ozigbo,67,JAX,3,11,0,0,0,3,3,5,0
CJ Prosise,69,HOU,3,11,3,4,0,2,2,8,0
Rex Burkhead,78,NE,4,11,4,7,0,3,2,5,0
Samaje Perine,69,CIN,2,11,5,19,0,2,1,2,0
Bo Scarbrough,69,SEA,4,11,6,31,0,0,0,0,0
Rodney Smith,67,CAR,5,11,8,29,0,0,0,0,0
Darrell Henderson,73,LAR,1,11,8,5,0,3,2,4,0
Devontae Booker,71,LV,2,11,5,16,0,1,1,3,0
Peyton Barber,73,WAS,1,11,8,28,0,0,0,0,0
Joshua Kelley,67,LAC,3,11,4,-2,0,2,2,4,0
Brian Hill,67,ATL,2,11,4,18,0,0,0,0,0
Adrian Peterson,76,DET,1,11,7,18,0,1,0,0,0
Patrick Laird,67,MIA,5,11,0,0,0,2,1,8,0
Jeremy McNichols,69,TEN,2,11,0,0,0,1,1,2,0
Alexander Mattison,73,MIN,2,11,1,6,0,0,0,0,0
Gus Edwards,81,BAL,2,11,3,6,0,0,0,0,0
Ito Smith,80,ATL,3,11,1,5,0,0,0,0,0
Matt Breida,77,MIA,2,11,2,4,0,0,0,0,0
Anthony McFarland Jr.,67,PIT,3,11,3,3,0,0,0,0,0
Mark Ingram,79,BAL,1,11,2,2,0,0,0,0,0
D'Onta Foreman,77,TEN,4,11,1,1,0,0,0,0,0
Derrick Henry,93,TEN,1,12,27,178,3,4,2,7,0
Antonio Gibson,76,WAS,3,12,20,115,3,7,5,21,0
James Robinson,81,JAX,1,12,22,128,1,6,5,31,0
Nick Chubb,95,CLE,1,12,19,144,1,3,3,32,0
Latavius Murray,82,NO,2,12,19,124,2,1,1,2,0
David Montgomery,79,CHI,1,12,11,103,0,6,5,40,1
Kenyan Drake,81,ARI,1,12,22,78,2,4,3,15,0
Austin Ekeler,86,LAC,1,12,14,44,0,16,11,85,0
Wayne Gallman,72,NYG,1,12,24,94,1,5,3,-3,0
Adrian Peterson,76,DET,1,12,15,55,2,0,0,0,0
Nyheim Hines,82,IND,2,12,10,29,0,10,8,66,0
Ito Smith,80,ATL,3,12,12,65,1,5,4,10,0
Duke Johnson,74,HOU,2,12,9,37,0,4,3,43,1
James White,81,NE,1,12,5,18,2,1,1,-1,0
Cam Akers,77,LAR,1,12,9,84,1,0,0,0,0
Chris Carson,89,SEA,1,12,8,41,1,2,2,18,0
Jamaal Williams,78,GB,2,12,17,73,1,0,0,0,0
Kerryon Johnson,76,DET,2,12,11,46,0,4,4,52,0
Frank Gore,79,NYJ,1,12,18,74,0,3,3,12,0
Devin Singletary,79,BUF,1,12,11,82,0,3,3,20,0
Mike Davis,78,CAR,1,12,15,55,0,6,3,24,0
Raheem Mostert,84,SF,1,12,16,43,1,2,2,0,0
Dalvin Cook,97,MIN,1,12,18,61,0,4,4,21,0
Aaron Jones,88,GB,1,12,17,90,0,2,1,0,0
Boston Scott,70,PHI,2,12,2,7,0,6,5,40,0
Joshua Kelley,67,LAC,3,12,7,35,1,0,0,0,0
Zack Moss,68,BUF,2,12,9,59,0,2,2,9,0
Jordan Wilkins,73,IND,3,12,6,22,0,4,3,35,0
Chase Edmonds,79,ARI,2,12,6,29,0,5,4,14,0
Deandre Washington,70,KC,4,12,13,49,0,5,2,11,0
Gus Edwards,81,BAL,2,12,9,10,1,0,0,0,0
Giovani Bernard,81,CIN,1,12,8,32,0,3,2,17,0
CJ Prosise,69,HOU,3,12,5,12,0,1,1,2,1
Kareem Hunt,84,CLE,2,12,10,62,0,2,0,0,0
Miles Sanders,84,PHI,1,12,6,15,0,3,2,7,0
Alvin Kamara,92,NO,1,12,11,54,0,2,1,-2,0
Justice Hill,72,BAL,3,12,9,35,0,2,2,5,0
Peyton Barber,73,WAS,1,12,11,57,0,0,0,0,0
Brian Hill,67,ATL,2,12,13,55,0,1,0,0,0
Josh Jacobs,91,LV,1,12,7,27,0,3,3,17,0
Matt Breida,77,MIA,2,12,8,36,0,2,2,17,0
Jerick McKinnon,75,SF,3,12,3,21,0,3,2,11,0
Le'Veon Bell,79,KC,2,12,5,22,0,2,2,10,0
Royce Freeman,75,DEN,2,12,8,50,0,0,0,0,0
Leonard Fournette,81,TB,1,12,3,10,0,3,3,10,0
Clyde Edwards-Helaire,83,KC,1,12,11,37,0,1,1,2,0
Carlos Hyde,79,SEA,2,12,15,22,0,3,2,7,0
JD McKissic,77,WAS,2,12,1,6,0,2,2,21,0
Damien Harris,70,NE,1,12,14,47,0,0,0,0,0
Jonathan Williams,67,DET,5,12,1,5,0,4,4,21,0
Tony Pollard,79,DAL,2,12,4,12,0,2,2,10,0
Melvin Gordon,83,DEN,1,12,12,31,0,0,0,0,0
Ezekiel Elliott,88,DAL,1,12,10,32,0,3,1,7,0
Trenton Cannon,69,CAR,3,12,3,17,0,1,1,1,0
D'Onta Foreman,77,TEN,4,12,4,28,0,0,0,0,0
Dion Lewis,76,NYG,2,12,2,10,0,3,1,7,0
Khari Blasingame,67,TEN,3,12,0,0,0,1,1,16,0
Jeffery Wilson,67,SF,4,12,12,43,0,0,0,0,0
Trayveon Williams,67,CIN,3,12,1,-2,0,1,1,13,0
Jeremy McNichols,69,TEN,2,12,8,20,0,1,0,0,0
Phillip Lindsay,82,DEN,1,12,9,20,0,0,0,0,0
Ryan Nall,67,CHI,2,12,0,0,0,1,1,10,0
Malcolm Brown,70,LAR,2,12,3,4,0,3,2,15,0
Darrell Henderson,73,LAR,1,12,10,19,0,1,0,0,0
Devontae Booker,71,LV,2,12,5,6,0,4,1,-1,0
Ty Johnson,67,NYJ,1,12,2,3,0,2,1,1,0
Samaje Perine,69,CIN,2,12,0,0,0,1,1,2,0
Troymaine Pope,67,LAC,4,12,1,-1,0,1,1,2,0
Alfred Morris,74,NYG,3,12,4,8,0,0,0,0,0
Alexander Mattison,73,MIN,2,12,2,6,0,0,0,0,0
Dwayne Washington,67,NO,3,12,3,6,0,0,0,0,0
Corey Clement,76,PHI,3,12,1,6,0,0,0,0,0
Tony Brooks-James,74,ATL,4,12,3,4,0,0,0,0,0
Josh Adams,69,NYJ,2,12,1,1,0,0,0,0,0
David Montgomery,79,CHI,1,13,17,72,2,4,4,39,0
Dalvin Cook,97,MIN,1,13,32,120,0,9,6,59,0
Aaron Jones,88,GB,1,13,15,130,1,3,3,18,0
James Robinson,81,JAX,1,13,18,78,1,6,6,30,0
Jonathan Taylor,81,IND,1,13,13,91,0,3,3,44,1
Chris Carson,89,SEA,1,13,13,65,0,6,3,45,1
Ty Johnson,67,NYJ,1,13,22,104,1,2,2,13,0
JD McKissic,77,WAS,2,13,5,8,0,10,10,70,0
Alvin Kamara,92,NO,1,13,15,88,1,3,2,9,0
Adrian Peterson,76,DET,1,13,16,57,2,1,0,0,0
Nick Chubb,95,CLE,1,13,18,80,1,1,1,26,0
Alfred Morris,74,NYG,3,13,8,39,1,1,1,6,1
Cam Akers,77,LAR,1,13,21,72,1,1,1,22,0
Darrell Henderson,73,LAR,1,13,3,49,1,3,2,25,0
Melvin Gordon,83,DEN,1,13,15,131,0,2,1,11,0
Myles Gaskin,76,MIA,1,13,21,90,0,2,2,51,0
Kenyan Drake,81,ARI,1,13,10,49,1,3,2,9,0
Ezekiel Elliott,88,DAL,1,13,18,77,0,6,4,18,0
Wayne Gallman,72,NYG,1,13,16,135,0,0,0,0,0
J.K. Dobbins,77,BAL,1,13,11,71,1,0,0,0,0
Nyheim Hines,82,IND,2,13,6,10,1,3,3,22,0
Devin Singletary,79,BUF,1,13,18,61,0,4,3,22,0
Austin Ekeler,86,LAC,1,13,8,36,0,9,4,32,0
Jeremy McNichols,69,TEN,2,13,2,2,1,4,3,15,0
Damien Harris,70,NE,1,13,16,80,0,1,1,15,0
Gus Edwards,81,BAL,2,13,7,101,0,0,0,0,0
Kareem Hunt,84,CLE,2,13,14,33,0,3,3,24,0
Peyton Barber,73,WAS,1,13,14,23,1,0,0,0,0
Jeffery Wilson,67,SF,4,13,7,47,0,5,2,12,0
Le'Veon Bell,79,KC,2,13,11,40,0,3,2,15,0
Josh Adams,69,NYJ,2,13,8,74,0,0,0,0,0
Kalen Ballage,67,NYJ,4,13,7,34,0,4,3,5,0
Sony Michel,82,NE,1,13,10,35,0,1,1,23,0
Chase Edmonds,79,ARI,2,13,6,28,0,6,2,15,0
Devontae Booker,71,LV,2,13,16,50,0,2,1,1,0
Derrick Henry,93,TEN,1,13,15,60,0,1,1,9,0
Jamaal Williams,78,GB,2,13,5,26,0,2,2,10,0
Raheem Mostert,84,SF,1,13,9,42,0,1,1,1,0
Giovani Bernard,81,CIN,1,13,12,30,0,2,2,-1,0
Ito Smith,80,ATL,3,13,8,36,0,2,1,-2,0
Jaylen Samuels,72,PIT,2,13,1,1,0,4,3,11,0
Patrick Laird,67,MIA,5,13,3,6,0,3,2,16,0
Carlos Hyde,79,SEA,2,13,2,1,0,3,3,10,0
Mark Ingram,79,BAL,1,13,6,28,0,1,1,1,0
Ameer Abdullah,67,MIN,3,13,2,11,0,1,1,18,0
Tony Pollard,79,DAL,2,13,8,22,0,1,1,6,0
Jordan Wilkins,73,IND,3,13,5,12,0,2,2,6,0
Latavius Murray,82,NO,2,13,5,17,0,2,2,0,0
Malcolm Brown,70,LAR,2,13,3,-3,0,1,1,30,0
James White,81,NE,1,13,0,0,0,4,3,1,0
DeeJay Dallas,67,SEA,4,13,0,0,0,3,2,11,0
Kerryon Johnson,76,DET,2,13,3,3,0,3,2,8,0
Miles Sanders,84,PHI,1,13,10,31,0,1,0,0,0
Todd Gurley,78,ATL,1,13,8,16,0,1,1,4,0
Jalen Richard,77,LV,3,13,4,11,0,1,1,6,0
Phillip Lindsay,82,DEN,1,13,14,26,0,1,0,0,0
Zack Moss,68,BUF,2,13,3,9,0,1,1,5,0
Joshua Kelley,67,LAC,3,13,0,0,0,2,2,3,0
Theo Riddick,76,LV,3,13,3,6,0,1,1,3,0
Jordan Howard,78,MIA,1,13,4,19,0,0,0,0,0
Brian Hill,67,ATL,2,13,5,18,0,0,0,0,0
D'Ernest Johnson,67,CLE,3,13,0,0,0,1,1,5,0
Justice Hill,72,BAL,3,13,0,0,0,1,1,4,0
Antonio Gibson,76,WAS,3,13,2,14,0,0,0,0,0
Boston Scott,70,PHI,2,13,2,9,0,2,0,0,0
Elijhaa Penny,70,NYG,1,13,2,8,0,0,0,0,0
Dare Ogunbowale,67,JAX,2,13,2,7,0,2,0,0,0
Samaje Perine,69,CIN,2,13,3,7,0,0,0,0,0
Dion Lewis,76,NYG,2,13,3,6,0,0,0,0,0
Frank Gore,79,NYJ,1,13,1,2,0,0,0,0,0
Derrick Henry,93,TEN,1,14,26,215,2,2,2,7,0
Jonathan Taylor,81,IND,1,14,20,150,2,2,2,15,0
Miles Sanders,84,PHI,1,14,14,115,2,5,4,21,0
Kareem Hunt,84,CLE,2,14,6,33,1,7,6,77,1
Mike Davis,78,CAR,1,14,11,51,2,6,5,42,0
David Montgomery,79,CHI,1,14,11,113,1,4,3,42,0
Nick Chubb,95,CLE,1,14,17,82,2,2,2,21,0
Austin Ekeler,86,LAC,1,14,15,79,0,9,9,67,0
Alvin Kamara,92,NO,1,14,11,50,1,10,7,44,0
Cam Akers,77,LAR,1,14,29,171,0,3,2,23,0
Dalvin Cook,97,MIN,1,14,22,102,1,4,2,8,0
Chris Carson,89,SEA,1,14,12,76,1,5,3,22,0
Gus Edwards,81,BAL,2,14,7,49,2,1,1,4,0
Kenyan Drake,81,ARI,1,14,23,80,1,1,1,10,0
Clyde Edwards-Helaire,83,KC,1,14,16,32,0,6,5,59,0
J.K. Dobbins,77,BAL,1,14,13,53,1,0,0,0,0
Tony Pollard,79,DAL,2,14,11,39,0,2,2,9,1
James Robinson,81,JAX,1,14,12,67,0,4,4,16,0
Melvin Gordon,83,DEN,1,14,13,68,0,3,3,23,0
Nyheim Hines,82,IND,2,14,7,58,0,4,4,17,0
JD McKissic,77,WAS,2,14,11,68,0,4,2,18,0
Josh Jacobs,91,LV,1,14,13,49,0,5,3,25,0
Wayne Gallman,72,NYG,1,14,12,57,0,4,3,16,0
Aaron Jones,88,GB,1,14,15,69,0,3,2,6,0
Jeffery Wilson,67,SF,4,14,11,31,1,3,1,13,0
Chase Edmonds,79,ARI,2,14,7,32,0,5,4,21,0
Trayveon Williams,67,CIN,3,14,12,49,0,3,3,14,0
Raheem Mostert,84,SF,1,14,14,65,0,4,2,5,0
Kerryon Johnson,76,DET,2,14,2,3,1,1,1,10,0
Jalen Richard,77,LV,3,14,2,10,0,5,4,31,0
Ezekiel Elliott,88,DAL,1,14,12,48,0,3,2,11,0
Deandre Washington,70,KC,4,14,13,35,0,4,2,17,0
Devine Ozigbo,67,JAX,3,14,0,0,0,4,4,30,0
Carlos Hyde,79,SEA,2,14,15,66,0,0,0,0,0
Jaylen Samuels,72,PIT,2,14,4,15,0,4,3,18,0
Samaje Perine,69,CIN,2,14,10,32,0,2,2,9,0
Damien Harris,70,NE,1,14,11,50,0,2,1,0,0
Peyton Barber,73,WAS,1,14,12,37,0,3,2,1,0
Le'Veon Bell,79,KC,2,14,2,21,0,3,2,14,0
Ito Smith,80,ATL,3,14,11,42,0,1,1,3,0
Dion Lewis,76,NYG,2,14,2,14,1,0,0,0,0
Giovani Bernard,81,CIN,1,14,3,8,0,3,3,15,0
Phillip Lindsay,82,DEN,1,14,11,24,0,2,2,7,0
Todd Gurley,78,ATL,1,14,6,19,0,3,2,12,0
Josh Adams,69,NYJ,2,14,6,27,0,2,2,3,0
Justin Jackson,73,LAC,2,14,3,9,0,3,3,10,0
Devontae Booker,71,LV,2,14,4,8,0,3,3,11,0
LeSean McCoy,83,TB,2,14,4,32,0,1,1,3,0
Devin Singletary,79,BUF,1,14,7,32,0,1,1,2,0
Zack Moss,68,BUF,2,14,13,43,0,1,0,0,0
Ameer Abdullah,67,MIN,3,14,3,11,0,2,2,10,0
Adrian Peterson,76,DET,1,14,4,7,0,1,1,23,0
Jamaal Williams,78,GB,2,14,10,38,0,0,0,0,0
Patrick Laird,67,MIA,5,14,4,19,0,1,1,4,0
Kalen Ballage,67,NYJ,4,14,7,14,0,2,1,6,0
James White,81,NE,1,14,3,16,0,2,1,2,0
Boston Scott,70,PHI,2,14,3,6,0,1,1,11,0
Brian Hill,67,ATL,2,14,1,3,0,1,1,12,0
Dare Ogunbowale,67,JAX,2,14,0,0,0,1,1,12,0
Sony Michel,82,NE,1,14,7,22,0,1,0,0,0
Mike Boone,67,MIN,4,14,2,8,0,1,1,4,0
CJ Prosise,69,HOU,3,14,1,2,0,1,1,10,0
Frank Gore,79,NYJ,1,14,8,23,0,1,1,8,0
Jeremy McNichols,69,TEN,2,14,11,9,0,1,1,0,0
James Conner,80,PIT,1,14,10,18,0,0,0,0,0
Jordan Wilkins,73,IND,3,14,1,3,0,2,1,4,0
Latavius Murray,82,NO,2,14,4,13,0,1,1,-6,0
Ty Johnson,67,NYJ,1,14,8,16,0,0,0,0,0
DeeJay Dallas,67,SEA,4,14,4,7,0,0,0,0,0
Alfred Morris,74,NYG,3,14,3,7,0,0,0,0,0
Darrell Henderson,73,LAR,1,14,2,5,0,0,0,0,0
Justice Hill,72,BAL,3,14,1,4,0,0,0,0,0
Tony Pollard,79,DAL,2,15,12,69,2,9,6,63,0
David Montgomery,79,CHI,1,15,32,146,2,2,1,16,0
Dalvin Cook,97,MIN,1,15,24,132,1,5,5,27,0
JD McKissic,77,WAS,2,15,13,51,0,10,9,56,1
Derrick Henry,93,TEN,1,15,24,147,1,2,2,5,0
Aaron Jones,88,GB,1,15,20,145,1,4,3,13,0
Melvin Gordon,83,DEN,1,15,11,61,2,4,4,20,0
Giovani Bernard,81,CIN,1,15,25,83,1,1,1,14,1
Leonard Fournette,81,TB,1,15,14,49,2,5,3,16,0
Josh Jacobs,91,LV,1,15,26,76,1,3,3,38,0
Jonathan Taylor,81,IND,1,15,16,83,1,5,4,12,0
Alvin Kamara,92,NO,1,15,11,54,0,6,3,40,1
Ty Johnson,67,NYJ,1,15,3,16,0,6,6,39,1
Devin Singletary,79,BUF,1,15,8,68,1,3,3,16,0
Chase Edmonds,79,ARI,2,15,11,47,0,5,3,19,1
J.K. Dobbins,77,BAL,1,15,14,64,1,1,1,17,0
Nick Chubb,95,CLE,1,15,15,50,1,2,2,16,0
Le'Veon Bell,79,KC,2,15,15,62,1,1,1,14,0
Carlos Hyde,79,SEA,2,15,2,55,1,3,2,8,0
James Robinson,81,JAX,1,15,16,35,0,3,3,18,1
Darrynton Evans,71,TEN,5,15,8,30,0,2,2,27,1
Frank Gore,79,NYJ,1,15,23,59,1,1,1,6,0
Jeffery Wilson,67,SF,4,15,16,60,1,4,0,0,0
Austin Ekeler,86,LAC,1,15,13,60,0,4,4,19,0
Latavius Murray,82,NO,2,15,4,3,0,3,2,26,1
Miles Sanders,84,PHI,1,15,17,64,0,2,1,26,0
Gus Edwards,81,BAL,2,15,9,42,0,2,2,36,0
James White,81,NE,1,15,2,3,0,4,4,52,0
Clyde Edwards-Helaire,83,KC,1,15,14,79,0,3,1,4,0
Sony Michel,82,NE,1,15,10,74,0,1,1,8,0
Chris Carson,89,SEA,1,15,15,63,0,3,2,6,0
Matt Breida,77,MIA,2,15,12,86,0,0,0,0,0
Mike Davis,78,CAR,1,15,14,59,0,2,2,2,0
Zack Moss,68,BUF,2,15,13,81,0,0,0,0,0
Phillip Lindsay,82,DEN,1,15,11,38,0,3,3,7,0
Nyheim Hines,82,IND,2,15,5,43,0,3,2,11,0
Cam Akers,77,LAR,1,15,15,63,0,3,1,-1,0
Kalen Ballage,67,NYJ,4,15,8,11,1,0,0,0,0
Raheem Mostert,84,SF,1,15,14,68,0,0,0,0,0
Peyton Barber,73,WAS,1,15,4,5,1,1,0,0,0
LeSean McCoy,83,TB,2,15,0,0,0,3,3,32,0
Kenyan Drake,81,ARI,1,15,10,26,0,2,2,14,0
Kareem Hunt,84,CLE,2,15,7,21,0,3,3,7,0
Ito Smith,80,ATL,3,15,6,24,0,3,2,9,0
Patrick Laird,67,MIA,5,15,2,20,0,2,2,12,0
Jerick McKinnon,75,SF,3,15,0,0,0,2,2,22,0
Jamaal Williams,78,GB,2,15,1,6,0,2,2,14,0
Alfred Morris,74,NYG,3,15,7,39,0,0,0,0,0
Dion Lewis,76,NYG,2,15,1,4,0,2,2,14,0
Dare Ogunbowale,67,JAX,2,15,2,17,0,1,1,8,0
Todd Gurley,78,ATL,1,15,1,-1,0,2,2,15,0
Wayne Gallman,72,NYG,1,15,9,29,0,0,0,0,0
Brian Hill,67,ATL,2,15,5,-2,0,2,2,9,0
Jaylen Samuels,72,PIT,2,15,1,4,0,1,1,12,0
Alexander Mattison,73,MIN,2,15,1,1,0,1,1,14,0
D'Ernest Johnson,67,CLE,3,15,4,24,0,0,0,0,0
Adrian Peterson,76,DET,1,15,6,23,0,0,0,0,0
Elijhaa Penny,70,NYG,1,15,1,2,0,1,1,9,0
Malcolm Brown,70,LAR,2,15,1,4,0,1,1,6,0
Justice Hill,72,BAL,3,15,0,0,0,1,1,8,0
A.J. Dillon,70,GB,3,15,1,18,0,0,0,0,0
Boston Scott,70,PHI,2,15,0,0,0,1,1,7,0
Jalen Richard,77,LV,3,15,0,0,0,1,1,7,0
Jeremy McNichols,69,TEN,2,15,0,0,0,1,1,5,0
Devine Ozigbo,67,JAX,3,15,0,0,0,1,1,4,0
Samaje Perine,69,CIN,2,15,4,14,0,0,0,0,0
Darrell Henderson,73,LAR,1,15,1,-2,0,1,1,5,0
Devontae Booker,71,LV,2,15,3,12,0,0,0,0,0
Tevin Coleman,85,SF,2,15,3,11,0,0,0,0,0
Trayveon Williams,67,CIN,3,15,2,8,0,0,0,0,0
Joshua Kelley,67,LAC,3,15,2,8,0,0,0,0,0
Rashaad Penny,79,SEA,3,15,2,6,0,0,0,0,0
Royce Freeman,75,DEN,2,15,1,4,0,0,0,0,0
Ke'Shawn Vaughn,70,TB,2,15,2,4,0,1,0,0,0
JJ Taylor,67,NE,3,15,1,2,0,0,0,0,0
Alvin Kamara,92,NO,1,16,22,155,6,5,3,17,0
Myles Gaskin,76,MIA,1,16,14,87,0,5,5,82,2
Samaje Perine,69,CIN,2,16,13,95,2,4,4,41,0
Jeffery Wilson,67,SF,4,16,22,183,0,2,1,21,1
A.J. Dillon,70,GB,3,16,21,124,2,1,1,5,0
JD McKissic,77,WAS,2,16,4,15,0,10,8,77,1
Giovani Bernard,81,CIN,1,16,16,65,0,8,7,66,0
David Montgomery,79,CHI,1,16,23,95,1,2,2,26,0
Jonathan Taylor,81,IND,1,16,18,74,2,1,0,0,0
Miles Sanders,84,PHI,1,16,15,57,1,6,4,27,0
Ezekiel Elliott,88,DAL,1,16,19,105,0,4,4,34,0
Nick Chubb,95,CLE,1,16,11,28,1,5,5,38,0
James Conner,80,PIT,1,16,5,20,1,5,5,45,0
Dalvin Cook,97,MIN,1,16,15,73,1,2,2,12,0
Austin Ekeler,86,LAC,1,16,10,45,0,3,3,23,1
Leonard Fournette,81,TB,1,16,9,34,1,3,3,32,0
Kareem Hunt,84,CLE,2,16,4,11,1,5,3,41,0
Gus Edwards,81,BAL,2,16,15,85,0,2,2,37,0
J.K. Dobbins,77,BAL,1,16,11,77,1,1,0,0,0
Kenyan Drake,81,ARI,1,16,18,45,1,2,2,5,0
Aaron Jones,88,GB,1,16,10,94,0,3,2,14,0
Zack Moss,68,BUF,2,16,12,57,1,1,1,0,0
Latavius Murray,82,NO,2,16,12,72,0,3,3,24,0
Nyheim Hines,82,IND,2,16,8,44,0,5,5,20,0
Chris Carson,89,SEA,1,16,16,69,0,3,3,10,0
Dare Ogunbowale,67,JAX,2,16,14,71,0,5,3,7,0
Antonio Gibson,76,WAS,3,16,10,61,0,4,3,8,0
Derrick Henry,93,TEN,1,16,23,98,0,0,0,0,0
Brian Hill,67,ATL,2,16,7,36,0,3,3,25,0
Mike Davis,78,CAR,1,16,14,28,1,0,0,0,0
Todd Gurley,78,ATL,1,16,4,16,0,3,3,34,0
Melvin Gordon,83,DEN,1,16,16,79,0,0,0,0,0
Ke'Shawn Vaughn,70,TB,2,16,15,62,0,2,1,7,0
Wayne Gallman,72,NYG,1,16,6,27,0,2,2,26,0
Devin Singletary,79,BUF,1,16,10,36,0,2,2,16,0
Josh Jacobs,91,LV,1,16,13,69,0,2,0,0,0
Sony Michel,82,NE,1,16,10,69,0,0,0,0,0
James White,81,NE,1,16,4,14,0,3,3,23,0
Mike Boone,67,MIN,4,16,1,4,1,0,0,0,0
Frank Gore,79,NYJ,1,16,14,48,0,1,1,5,0
Darrell Henderson,73,LAR,1,16,12,62,0,0,0,0,0
Jerick McKinnon,75,SF,3,16,1,4,0,4,3,28,0
Ito Smith,80,ATL,3,16,10,46,0,1,1,5,0
Le'Veon Bell,79,KC,2,16,7,30,0,3,1,9,0
Kalen Ballage,67,NYJ,4,16,4,14,0,3,2,12,0
Malcolm Brown,70,LAR,2,16,7,27,0,3,1,8,0
Royce Freeman,75,DEN,2,16,2,16,0,2,2,7,0
Devontae Booker,71,LV,2,16,6,11,0,2,2,8,0
JJ Taylor,67,NE,3,16,6,38,0,0,0,0,0
Kerryon Johnson,76,DET,2,16,0,0,0,2,2,17,0
Carlos Hyde,79,SEA,2,16,2,8,0,1,1,18,0
Jalen Richard,77,LV,3,16,2,19,0,1,1,4,0
Tony Pollard,79,DAL,2,16,9,12,0,2,1,8,0
Chase Edmonds,79,ARI,2,16,0,0,0,3,2,8,0
LeVante Bellamy,67,DEN,3,16,3,11,0,1,1,5,0
Alfred Morris,74,NYG,3,16,3,4,0,1,1,9,0
Boston Scott,70,PHI,2,16,2,17,0,0,0,0,0
Craig Reynolds,77,JAX,5,16,1,4,0,1,1,3,0
Jeremy McNichols,69,TEN,2,16,0,0,0,1,1,6,0
Dion Lewis,76,NYG,2,16,1,15,0,0,0,0,0
LeSean McCoy,83,TB,2,16,0,0,0,1,1,5,0
Devine Ozigbo,67,JAX,3,16,1,1,0,1,1,3,0
Ty Johnson,67,NYJ,1,16,2,13,0,0,0,0,0
Tevin Coleman,85,SF,2,16,2,3,0,1,1,0,0
Salvon Ahmed,67,MIA,3,16,6,2,0,1,1,1,0
Ameer Abdullah,67,MIN,3,16,1,13,0,1,0,0,0
Adrian Peterson,76,DET,1,16,4,10,0,0,0,0,0
Peyton Barber,73,WAS,1,16,1,10,0,0,0,0,0
Rashaad Penny,79,SEA,3,16,3,9,0,0,0,0,0
Jordan Howard,78,MIA,1,16,3,8,0,0,0,0,0
Trayveon Williams,67,CIN,3,16,2,6,0,0,0,0,0
Justin Jackson,73,LAC,2,16,2,4,0,0,0,0,0
Darrynton Evans,71,TEN,5,16,1,3,0,2,0,0,0