,name,rtg,team,dep,week,att,yds,td,tgts,rec,rec yds,rec td,opponent
0,Josh Jacobs,88,LV,1.0,1,25.0,93.0,3,6.0,4.0,46.0,0,CAR
1,Christian McCaffrey,96,CAR,1.0,1,23.0,97.0,2,4.0,3.0,38.0,0,LV
2,Ezekiel Elliott,90,DAL,1.0,1,22.0,96.0,1,4.0,3.0,31.0,1,LAR
3,Malcolm Brown,74,LAR,3.0,1,18.0,79.0,2,4.0,3.0,31.0,0,DAL
4,Raheem Mostert,83,SF,1.0,1,15.0,56.0,0,5.0,4.0,95.0,1,ARI
5,Clyde Edwards-Helaire,71,KC,1.0,1,25.0,138.0,1,2.0,0.0,0.0,0,HOU
6,Nyheim Hines,72,IND,3.0,1,7.0,28.0,1,8.0,8.0,45.0,1,JAX
7,Alvin Kamara,90,NO,1.0,1,12.0,16.0,1,8.0,5.0,51.0,1,TB
8,Chris Carson,83,SEA,1.0,1,6.0,21.0,0,6.0,6.0,45.0,2,ATL
9,David Johnson,78,HOU,1.0,1,11.0,77.0,1,4.0,3.0,32.0,0,KC
10,Dalvin Cook,90,MIN,1.0,1,12.0,50.0,2,2.0,1.0,-2.0,0,GB
11,Peyton Barber,74,WAS,3.0,1,17.0,29.0,2,0.0,0.0,0.0,0,PHI
12,J.K. Dobbins,72,BAL,2.0,1,7.0,22.0,2,0.0,0.0,0.0,0,CLE
13,Aaron Jones,88,GB,1.0,1,16.0,66.0,1,6.0,4.0,10.0,0,MIN
14,Derrick Henry,95,TEN,1.0,1,31.0,116.0,0,3.0,3.0,15.0,0,DEN
15,Melvin Gordon,84,DEN,1.0,1,15.0,78.0,1,3.0,3.0,8.0,0,TEN
16,Kenyan Drake,83,ARI,1.0,1,16.0,60.0,1,2.0,2.0,5.0,0,SF
17,Joshua Kelley,67,LAC,3.0,1,12.0,60.0,1,0.0,0.0,0.0,0,CIN
18,Todd Gurley,84,ATL,1.0,1,14.0,56.0,1,5.0,2.0,1.0,0,SEA
19,Adrian Peterson,79,DET,3.0,1,14.0,93.0,0,3.0,3.0,21.0,0,CHI
20,Benny Snell Jr.,70,PIT,2.0,1,19.0,113.0,0,1.0,0.0,0.0,0,NYG
21,Chase Edmonds,71,ARI,2.0,1,6.0,26.0,0,5.0,3.0,19.0,1,SF
22,Jerick McKinnon,77,SF,3.0,1,3.0,24.0,0,5.0,3.0,20.0,1,ARI
23,Sony Michel,84,NE,2.0,1,10.0,37.0,1,0.0,0.0,0.0,0,MIA
24,James Robinson,67,JAX,4.0,1,16.0,62.0,0,1.0,1.0,28.0,0,IND
25,Jonathan Taylor,71,IND,1.0,1,9.0,22.0,0,6.0,6.0,67.0,0,JAX
26,Zack Moss,68,BUF,2.0,1,9.0,11.0,0,4.0,3.0,16.0,1,NYJ
27,Austin Ekeler,85,LAC,1.0,1,19.0,84.0,0,1.0,1.0,3.0,0,CIN
28,D'Andre Swift,73,DET,1.0,1,3.0,8.0,1,5.0,3.0,15.0,0,CHI
29,Carlos Hyde,83,SEA,2.0,1,7.0,23.0,1,0.0,0.0,0.0,0,ATL
30,Josh Adams,72,NYJ,4.0,1,2.0,8.0,1,2.0,2.0,14.0,0,BUF
31,Ronald Jones II,81,TB,2.0,1,17.0,66.0,0,3.0,2.0,16.0,0,NO
32,Kareem Hunt,87,CLE,2.0,1,13.0,72.0,0,6.0,4.0,9.0,0,BAL
33,Alexander Mattison,70,MIN,2.0,1,6.0,50.0,0,4.0,4.0,30.0,0,GB
34,David Montgomery,80,CHI,1.0,1,13.0,64.0,0,3.0,1.0,10.0,0,DET
35,Jordan Howard,78,MIA,1.0,1,8.0,7.0,1,0.0,0.0,0.0,0,NE
36,Saquon Barkley,93,NYG,1.0,1,15.0,6.0,0,9.0,6.0,60.0,0,PIT
37,Myles Gaskin,67,MIA,5.0,1,9.0,40.0,0,4.0,4.0,26.0,0,NE
38,Marlon Mack,82,IND,2.0,1,4.0,26.0,0,3.0,3.0,30.0,0,JAX
39,Boston Scott,70,PHI,2.0,1,9.0,35.0,0,2.0,2.0,19.0,0,WAS
40,Devin Singletary,81,BUF,1.0,1,9.0,30.0,0,7.0,5.0,23.0,0,NYJ
41,Devontae Booker,70,LV,3.0,1,4.0,29.0,0,3.0,3.0,23.0,0,CAR
42,James White,84,NE,1.0,1,5.0,22.0,0,3.0,3.0,30.0,0,MIA
43,Joe Mixon,88,CIN,1.0,1,19.0,69.0,0,2.0,1.0,2.0,0,LAC
44,Latavius Murray,77,NO,2.0,1,15.0,48.0,0,1.0,0.0,0.0,0,TB
45,Tarik Cohen,79,CHI,2.0,1,7.0,41.0,0,2.0,2.0,6.0,0,DET
46,Nick Chubb,90,CLE,1.0,1,10.0,60.0,0,1.0,1.0,6.0,0,BAL
47,Le'Veon Bell,87,KC,1.0,1,6.0,14.0,0,2.0,2.0,32.0,0,HOU
48,Antonio Gibson,71,WAS,1.0,1,9.0,36.0,0,2.0,2.0,8.0,0,PHI
49,Tyler Ervin,69,GB,4.0,1,3.0,38.0,0,1.0,1.0,6.0,0,MIN
50,Cam Akers,76,LAR,1.0,1,14.0,39.0,0,1.0,1.0,4.0,0,DAL
51,Jamaal Williams,79,GB,3.0,1,7.0,21.0,0,4.0,4.0,21.0,0,MIN
52,Phillip Lindsay,82,DEN,2.0,1,7.0,24.0,0,1.0,1.0,11.0,0,TEN
53,Tony Pollard,76,DAL,2.0,1,2.0,10.0,0,3.0,2.0,22.0,0,LAR
54,JJ Taylor,67,NE,,1,4.0,28.0,0,1.0,1.0,4.0,0,MIA
55,Rex Burkhead,78,NE,4.0,1,7.0,32.0,0,0.0,0.0,0.0,0,MIA
56,Darrel Williams,67,KC,2.0,1,7.0,23.0,0,2.0,2.0,7.0,0,HOU
57,Mark Ingram,89,BAL,1.0,1,10.0,29.0,0,0.0,0.0,0.0,0,CLE
58,Giovani Bernard,79,CIN,2.0,1,1.0,7.0,0,5.0,4.0,21.0,0,LAC
59,Tevin Coleman,86,SF,2.0,1,4.0,18.0,0,2.0,1.0,6.0,0,ARI
60,Frank Gore,82,NYJ,2.0,1,6.0,24.0,0,0.0,0.0,0.0,0,BUF
61,Matt Breida,81,MIA,2.0,1,5.0,22.0,0,0.0,0.0,0.0,0,NE
62,Corey Clement,72,PHI,3.0,1,6.0,19.0,0,2.0,2.0,2.0,0,WAS
63,Brian Hill,67,ATL,3.0,1,3.0,12.0,0,2.0,2.0,8.0,0,SEA
64,Leonard Fournette,85,TB,1.0,1,5.0,5.0,0,1.0,1.0,14.0,0,NO
65,Gus Edwards,74,BAL,3.0,1,4.0,17.0,0,0.0,0.0,0.0,0,CLE
66,James Conner,83,PIT,1.0,1,6.0,9.0,0,4.0,2.0,8.0,0,NYG
67,Jalen Richard,75,LV,2.0,1,0.0,0.0,0,1.0,1.0,15.0,0,CAR
68,Wayne Gallman,71,NYG,3.0,1,0.0,0.0,0,1.0,1.0,14.0,0,PIT
69,Kerryon Johnson,79,DET,2.0,1,7.0,14.0,0,0.0,0.0,0.0,0,CHI
70,Duke Johnson,80,HOU,2.0,1,5.0,14.0,0,1.0,0.0,0.0,0,KC
71,A.J. Dillon,70,GB,2.0,1,2.0,14.0,0,0.0,0.0,0.0,0,MIN
72,Royce Freeman,77,DEN,3.0,1,1.0,0.0,0,1.0,1.0,12.0,0,TEN
73,Patrick Laird,67,MIA,4.0,1,0.0,0.0,0,2.0,2.0,9.0,0,NE
74,Darrell Henderson,72,LAR,2.0,1,3.0,6.0,0,0.0,0.0,0.0,0,DAL
75,Ito Smith,74,ATL,2.0,1,1.0,4.0,0,3.0,3.0,2.0,0,SEA
76,Chris Thompson,79,JAX,2.0,1,0.0,0.0,0,2.0,2.0,6.0,0,IND
77,Khari Blasingame,67,TEN,3.0,1,0.0,0.0,0,1.0,1.0,5.0,0,DEN
78,D'Ernest Johnson,67,CLE,3.0,1,1.0,5.0,0,0.0,0.0,0.0,0,BAL
79,Justin Jackson,74,LAC,2.0,1,2.0,4.0,0,0.0,0.0,0.0,0,CIN
80,Travis Homer,67,SEA,5.0,1,3.0,-1.0,0,2.0,2.0,4.0,0,ATL
81,Jaylen Samuels,71,PIT,4.0,1,1.0,2.0,0,1.0,1.0,1.0,0,NYG
82,LeSean McCoy,79,TB,4.0,1,0.0,0.0,0,1.0,1.0,2.0,0,NO
83,Jason Huntley,67,PHI,4.0,1,1.0,1.0,0,0.0,0.0,0.0,0,WAS
84,Dion Lewis,76,NYG,2.0,1,1.0,1.0,0,1.0,0.0,0.0,0,PIT
85,Aaron Jones,88,GB,1.0,2,18.0,168.0,2,8.0,4.0,68.0,1,DET
86,Alvin Kamara,92,NO,1.0,2,13.0,79.0,2,9.0,9.0,95.0,0,LV
87,Leonard Fournette,81,TB,1.0,2,12.0,103.0,2,5.0,4.0,13.0,0,CAR
88,Nick Chubb,95,CLE,1.0,2,22.0,124.0,2,1.0,1.0,9.0,0,CIN
89,Christian McCaffrey,99,CAR,2.0,2,18.0,59.0,2,5.0,4.0,29.0,0,TB
90,Kareem Hunt,84,CLE,2.0,2,10.0,86.0,1,2.0,2.0,15.0,1,CIN
91,Ezekiel Elliott,88,DAL,1.0,2,22.0,89.0,1,7.0,6.0,33.0,0,ATL
92,David Montgomery,79,CHI,1.0,2,16.0,82.0,0,3.0,3.0,45.0,1,NYG
93,James Robinson,81,JAX,1.0,2,16.0,102.0,1,4.0,3.0,18.0,0,TEN
94,Darrell Henderson,73,LAR,1.0,2,12.0,81.0,1,3.0,2.0,40.0,0,PHI
95,Miles Sanders,84,PHI,1.0,2,20.0,95.0,1,7.0,3.0,36.0,0,LAR
96,James Conner,80,PIT,1.0,2,16.0,106.0,1,2.0,2.0,15.0,0,LAR
97,Chris Carson,89,SEA,1.0,2,17.0,72.0,0,3.0,3.0,36.0,1,NE
98,Jonathan Taylor,81,IND,1.0,2,26.0,101.0,1,2.0,2.0,9.0,0,MIN
99,Austin Ekeler,86,LAC,1.0,2,16.0,93.0,0,4.0,4.0,55.0,0,KC
100,Raheem Mostert,84,SF,1.0,2,8.0,92.0,1,2.0,2.0,15.0,0,NYJ
101,Dalvin Cook,97,MIN,1.0,2,14.0,63.0,1,2.0,2.0,8.0,0,IND
102,Melvin Gordon,83,DEN,1.0,2,19.0,70.0,0,3.0,2.0,14.0,1,PIT
103,Mark Ingram,79,BAL,1.0,2,9.0,55.0,1,3.0,2.0,22.0,0,HOU
104,Dion Lewis,76,NYG,2.0,2,10.0,20.0,1,5.0,4.0,36.0,0,CHI
105,Mike Davis,78,CAR,1.0,2,1.0,1.0,0,8.0,8.0,74.0,0,TB
106,Myles Gaskin,76,MIA,1.0,2,7.0,46.0,0,7.0,6.0,36.0,0,BUF
107,Jerick McKinnon,75,SF,3.0,2,3.0,77.0,1,1.0,0.0,0.0,0,NYJ
108,Josh Jacobs,91,LV,1.0,2,27.0,88.0,0,3.0,3.0,17.0,0,NO
109,Joshua Kelley,67,LAC,3.0,2,23.0,64.0,0,2.0,2.0,49.0,0,KC
110,Clyde Edwards-Helaire,83,KC,1.0,2,10.0,38.0,0,8.0,6.0,32.0,0,LAC
111,Joe Mixon,87,CIN,1.0,2,16.0,46.0,0,4.0,4.0,40.0,0,CLE
112,D'Andre Swift,76,DET,3.0,2,5.0,12.0,0,5.0,5.0,60.0,0,GB
113,Antonio Gibson,76,WAS,3.0,2,13.0,55.0,1,2.0,1.0,-3.0,0,ARI
114,Chris Thompson,75,JAX,2.0,2,2.0,7.0,0,4.0,3.0,20.0,1,TEN
115,Kenyan Drake,81,ARI,1.0,2,20.0,86.0,0,2.0,2.0,9.0,0,WAS
116,Ronald Jones II,83,TB,1.0,2,7.0,23.0,1,2.0,2.0,4.0,0,CAR
117,Devin Singletary,79,BUF,1.0,2,10.0,56.0,0,3.0,2.0,20.0,0,MIA
118,Kerryon Johnson,76,DET,2.0,2,8.0,32.0,1,1.0,0.0,0.0,0,GB
119,Rex Burkhead,78,NE,4.0,2,6.0,2.0,0,6.0,4.0,47.0,0,SEA
120,Jalen Richard,77,LV,3.0,2,2.0,26.0,1,0.0,0.0,0.0,0,NO
121,Derrick Henry,93,TEN,1.0,2,25.0,84.0,0,2.0,0.0,0.0,0,JAX
122,Jamaal Williams,78,GB,2.0,2,8.0,63.0,0,0.0,0.0,0.0,0,DET
123,Giovani Bernard,81,CIN,1.0,2,1.0,3.0,0,7.0,5.0,22.0,0,CLE
124,Gus Edwards,81,BAL,2.0,2,10.0,73.0,0,0.0,0.0,0.0,0,HOU
125,Boston Scott,70,PHI,2.0,2,4.0,19.0,0,3.0,3.0,24.0,0,LAR
126,J.K. Dobbins,77,BAL,1.0,2,2.0,48.0,0,1.0,1.0,13.0,0,HOU
127,LeSean McCoy,83,TB,2.0,2,1.0,-5.0,0,7.0,5.0,26.0,0,CAR
128,Jordan Howard,78,MIA,1.0,2,5.0,4.0,1,0.0,0.0,0.0,0,BUF
129,Frank Gore,79,NYJ,1.0,2,21.0,63.0,0,2.0,0.0,0.0,0,SF
130,Todd Gurley,78,ATL,1.0,2,21.0,61.0,0,0.0,0.0,0.0,0,DAL
131,Tevin Coleman,85,SF,2.0,2,14.0,12.0,0,2.0,2.0,28.0,0,NYJ
132,Carlos Hyde,79,SEA,2.0,2,5.0,22.0,0,2.0,2.0,15.0,0,NE
133,Latavius Murray,82,NO,2.0,2,3.0,14.0,0,2.0,2.0,19.0,0,LV
134,JD McKissic,77,WAS,2.0,2,8.0,53.0,0,0.0,0.0,0.0,0,ARI
135,Matt Breida,77,MIA,2.0,2,7.0,37.0,0,2.0,1.0,2.0,0,BUF
136,Malcolm Brown,70,LAR,2.0,2,11.0,47.0,0,0.0,0.0,0.0,0,PHI
137,Ty Montgomery,75,NO,4.0,2,0.0,0.0,0,3.0,2.0,25.0,0,LV
138,Brian Hill,67,ATL,2.0,2,3.0,14.0,0,2.0,2.0,11.0,0,DAL
139,Chase Edmonds,79,ARI,2.0,2,3.0,4.0,0,4.0,3.0,9.0,0,WAS
140,Adrian Peterson,76,DET,1.0,2,7.0,41.0,0,0.0,0.0,0.0,0,GB
141,Jordan Wilkins,73,IND,3.0,2,9.0,40.0,0,0.0,0.0,0.0,0,MIN
142,Zack Moss,68,BUF,2.0,2,8.0,37.0,0,0.0,0.0,0.0,0,MIA
143,Kalen Ballage,67,NYJ,4.0,2,1.0,5.0,0,2.0,2.0,12.0,0,SF
144,Tarik Cohen,81,CHI,2.0,2,5.0,12.0,0,1.0,1.0,15.0,0,NYG
145,Saquon Barkley,88,NYG,1.0,2,4.0,28.0,0,0.0,0.0,0.0,0,CHI
146,Alexander Mattison,73,MIN,2.0,2,3.0,13.0,0,2.0,1.0,3.0,0,IND
147,Darrel Williams,67,KC,3.0,2,0.0,0.0,0,1.0,1.0,12.0,0,LAC
148,Travis Homer,67,SEA,3.0,2,3.0,21.0,0,0.0,0.0,0.0,0,NE
149,Darwin Thompson,67,KC,4.0,2,4.0,21.0,0,1.0,0.0,0.0,0,LAC
150,Ito Smith,80,ATL,3.0,2,5.0,20.0,0,0.0,0.0,0.0,0,DAL
151,Royce Freeman,75,DEN,2.0,2,3.0,20.0,0,0.0,0.0,0.0,0,PIT
152,Sony Michel,82,NE,1.0,2,7.0,19.0,0,1.0,0.0,0.0,0,SEA
153,Tony Pollard,79,DAL,2.0,2,2.0,6.0,0,1.0,1.0,3.0,0,ATL
154,Lamical Perine,67,NYJ,3.0,2,3.0,17.0,0,0.0,0.0,0.0,0,SF
155,A.J. Dillon,70,GB,3.0,2,5.0,17.0,0,0.0,0.0,0.0,0,DET
156,Devontae Booker,71,LV,2.0,2,3.0,-1.0,0,1.0,1.0,6.0,0,NO
157,Jaylen Samuels,72,PIT,2.0,2,0.0,0.0,0,2.0,1.0,4.0,0,LAR
158,Nyheim Hines,82,IND,2.0,2,0.0,0.0,0,1.0,1.0,4.0,0,MIN
159,Tyler Ervin,70,GB,3.0,2,0.0,0.0,0,1.0,1.0,4.0,0,DET
160,Cam Akers,77,LAR,1.0,2,3.0,13.0,0,0.0,0.0,0.0,0,PHI
161,Ryan Nall,67,CHI,2.0,2,0.0,0.0,0,1.0,1.0,2.0,0,NYG
162,Senorise Perry,67,TEN,5.0,2,2.0,9.0,0,0.0,0.0,0.0,0,JAX
163,Jeremy McNichols,69,TEN,2.0,2,2.0,7.0,0,0.0,0.0,0.0,0,JAX
164,Jeffery Wilson,67,SF,4.0,2,2.0,3.0,0,0.0,0.0,0.0,0,NYJ
165,Peyton Barber,73,WAS,1.0,2,1.0,1.0,0,0.0,0.0,0.0,0,ARI
166,Alvin Kamara,92,NO,1.0,3,6.0,58.0,0,14.0,13.0,139.0,2,GB
167,Rex Burkhead,78,NE,4.0,3,6.0,49.0,2,10.0,7.0,49.0,1,LV
168,Austin Ekeler,86,LAC,1.0,3,12.0,59.0,1,11.0,11.0,84.0,0,CAR
169,James Robinson,81,JAX,1.0,3,11.0,46.0,2,6.0,6.0,83.0,0,MIA
170,Derrick Henry,93,TEN,1.0,3,26.0,119.0,2,3.0,2.0,11.0,0,MIN
171,Dalvin Cook,97,MIN,1.0,3,22.0,181.0,1,5.0,2.0,18.0,0,TEN
172,James Conner,80,PIT,1.0,3,18.0,109.0,1,5.0,4.0,40.0,0,HOU
173,Nick Chubb,95,CLE,1.0,3,19.0,108.0,2,1.0,1.0,2.0,0,WAS
174,Mike Davis,78,CAR,1.0,3,13.0,46.0,0,9.0,8.0,45.0,1,LAC
175,Jeffery Wilson,67,SF,4.0,3,12.0,15.0,1,3.0,3.0,54.0,1,NYG
176,Darrell Henderson,73,LAR,1.0,3,20.0,114.0,1,3.0,1.0,6.0,0,BUF
177,Clyde Edwards-Helaire,83,KC,1.0,3,20.0,64.0,0,6.0,5.0,70.0,0,BAL
178,Ezekiel Elliott,88,DAL,1.0,3,14.0,34.0,1,11.0,6.0,24.0,0,SEA
179,Jerick McKinnon,75,SF,3.0,3,14.0,38.0,1,4.0,3.0,39.0,0,NYG
180,Aaron Jones,88,GB,1.0,3,16.0,69.0,1,4.0,2.0,17.0,0,NO
181,Devin Singletary,79,BUF,1.0,3,13.0,71.0,0,5.0,4.0,50.0,0,LAR
182,Sony Michel,82,NE,1.0,3,9.0,117.0,0,2.0,2.0,23.0,0,LV
183,Todd Gurley,78,ATL,1.0,3,14.0,80.0,1,2.0,1.0,2.0,0,CHI
184,Brian Hill,67,ATL,2.0,3,9.0,58.0,1,3.0,1.0,22.0,0,CHI
185,Miles Sanders,84,PHI,1.0,3,18.0,95.0,0,8.0,4.0,12.0,0,CIN
186,Myles Gaskin,76,MIA,1.0,3,22.0,66.0,0,5.0,5.0,29.0,0,JAX
187,Kareem Hunt,84,CLE,2.0,3,16.0,46.0,0,3.0,2.0,18.0,1,WAS
188,Jonathan Taylor,81,IND,1.0,3,13.0,59.0,1,1.0,1.0,3.0,0,NYJ
189,Antonio Gibson,76,WAS,3.0,3,9.0,49.0,1,3.0,3.0,11.0,0,CLE
190,David Johnson,75,HOU,1.0,3,13.0,23.0,1,3.0,2.0,23.0,0,PIT
191,Chris Carson,89,SEA,1.0,3,14.0,64.0,0,3.0,3.0,12.0,0,DAL
192,Kalen Ballage,67,NYJ,4.0,3,2.0,8.0,0,5.0,5.0,44.0,0,IND
193,Nyheim Hines,82,IND,2.0,3,7.0,21.0,0,5.0,4.0,40.0,0,NYJ
194,Adrian Peterson,76,DET,1.0,3,22.0,75.0,0,1.0,1.0,10.0,0,ARI
195,Ronald Jones II,83,TB,1.0,3,13.0,53.0,0,4.0,2.0,20.0,0,DEN
196,Josh Jacobs,91,LV,1.0,3,16.0,71.0,0,4.0,3.0,12.0,0,NE
197,Kenyan Drake,81,ARI,1.0,3,18.0,73.0,0,1.0,1.0,6.0,0,DET
198,Chris Thompson,75,JAX,2.0,3,2.0,3.0,0,6.0,5.0,35.0,0,MIA
199,Joe Mixon,87,CIN,1.0,3,17.0,49.0,0,3.0,2.0,16.0,0,PHI
200,Giovani Bernard,81,CIN,1.0,3,0.0,0.0,0,3.0,3.0,55.0,0,PHI
201,J.K. Dobbins,77,BAL,1.0,3,1.0,6.0,0,4.0,4.0,38.0,0,KC
202,JD McKissic,77,WAS,2.0,3,5.0,15.0,0,4.0,3.0,37.0,0,CLE
203,Melvin Gordon,83,DEN,1.0,3,8.0,26.0,0,6.0,4.0,12.0,0,TB
204,Latavius Murray,82,NO,2.0,3,12.0,58.0,0,1.0,1.0,7.0,0,GB
205,David Montgomery,79,CHI,1.0,3,14.0,45.0,0,3.0,2.0,9.0,0,ATL
206,Frank Gore,79,NYJ,1.0,3,15.0,57.0,0,1.0,1.0,5.0,0,IND
207,Tarik Cohen,81,CHI,2.0,3,2.0,21.0,0,6.0,3.0,20.0,0,ATL
208,Jordan Howard,78,MIA,1.0,3,3.0,1.0,1,0.0,0.0,0.0,0,JAX
209,Anthony McFarland Jr.,67,PIT,3.0,3,6.0,42.0,0,2.0,1.0,7.0,0,HOU
210,Royce Freeman,75,DEN,2.0,3,2.0,4.0,0,2.0,2.0,31.0,0,TB
211,Jordan Wilkins,73,IND,3.0,3,9.0,39.0,0,1.0,1.0,6.0,0,NYJ
212,Chase Edmonds,79,ARI,2.0,3,3.0,13.0,0,2.0,2.0,21.0,0,DET
213,Jalen Richard,77,LV,3.0,3,1.0,14.0,0,3.0,3.0,8.0,0,NE
214,Joshua Kelley,67,LAC,3.0,3,8.0,43.0,0,2.0,2.0,9.0,0,CAR
215,LeSean McCoy,83,TB,2.0,3,0.0,0.0,0,4.0,2.0,24.0,0,DEN
216,Lamical Perine,67,NYJ,3.0,3,7.0,24.0,0,2.0,2.0,-1.0,0,IND
217,JJ Taylor,67,NE,3.0,3,11.0,43.0,0,1.0,0.0,0.0,0,LV
218,Leonard Fournette,81,TB,1.0,3,7.0,15.0,0,2.0,2.0,7.0,0,DEN
219,Kerryon Johnson,76,DET,2.0,3,3.0,16.0,0,1.0,1.0,14.0,0,ARI
220,Gus Edwards,81,BAL,2.0,3,4.0,39.0,0,0.0,0.0,0.0,0,KC
221,Wayne Gallman,72,NYG,1.0,3,4.0,7.0,0,3.0,2.0,7.0,0,SF
222,Carlos Hyde,79,SEA,2.0,3,4.0,12.0,0,1.0,1.0,11.0,0,DAL
223,Tyler Ervin,70,GB,3.0,3,1.0,5.0,0,2.0,2.0,8.0,0,NO
224,Devontae Booker,71,LV,2.0,3,3.0,31.0,0,0.0,0.0,0.0,0,NE
225,Mark Ingram,79,BAL,1.0,3,7.0,30.0,0,1.0,0.0,0.0,0,KC
226,D'Andre Swift,76,DET,3.0,3,0.0,0.0,0,2.0,1.0,19.0,0,ARI
227,JaMycal Hasty,67,SF,6.0,3,2.0,9.0,0,1.0,1.0,9.0,0,NYG
228,Darrel Williams,67,KC,3.0,3,2.0,6.0,0,2.0,2.0,1.0,0,BAL
229,Jamaal Williams,78,GB,2.0,3,6.0,14.0,0,1.0,1.0,3.0,0,NO
230,Alexander Mattison,73,MIN,2.0,3,8.0,27.0,0,0.0,0.0,0.0,0,TEN
231,Dion Lewis,76,NYG,2.0,3,1.0,0.0,0,3.0,1.0,10.0,0,SF
232,Travis Homer,67,SEA,3.0,3,2.0,19.0,0,1.0,0.0,0.0,0,DAL
233,Malcolm Brown,70,LAR,2.0,3,7.0,19.0,0,2.0,0.0,0.0,0,BUF
234,TJ Yeldon,76,BUF,2.0,3,3.0,18.0,0,0.0,0.0,0.0,0,LAR
235,Reggie Bonnafon,67,CAR,2.0,3,2.0,16.0,0,0.0,0.0,0.0,0,LAC
236,Jeremy McNichols,69,TEN,2.0,3,0.0,0.0,0,1.0,1.0,5.0,0,MIN
237,Benny Snell Jr.,75,PIT,2.0,3,7.0,11.0,0,0.0,0.0,0.0,0,HOU
238,Devonta Freeman,76,NYG,1.0,3,5.0,10.0,0,0.0,0.0,0.0,0,SF
239,Darrynton Evans,71,TEN,5.0,3,3.0,9.0,0,0.0,0.0,0.0,0,MIN
240,Corey Clement,76,PHI,3.0,3,3.0,8.0,0,0.0,0.0,0.0,0,CIN
241,Peyton Barber,73,WAS,1.0,3,3.0,6.0,0,0.0,0.0,0.0,0,CLE
242,Boston Scott,70,PHI,2.0,3,3.0,5.0,0,1.0,0.0,0.0,0,CIN
243,Tony Pollard,79,DAL,2.0,3,0.0,0.0,0,1.0,1.0,-5.0,0,SEA
244,Matt Breida,77,MIA,2.0,3,3.0,4.0,0,0.0,0.0,0.0,0,JAX
245,Jaylen Samuels,72,PIT,2.0,3,1.0,1.0,0,0.0,0.0,0.0,0,HOU
246,CJ Prosise,69,HOU,3.0,3,1.0,1.0,0,0.0,0.0,0.0,0,PIT
247,Joe Mixon,87,CIN,1.0,4,25.0,151.0,2,6.0,6.0,30.0,1,JAX
248,Dalvin Cook,97,MIN,1.0,4,27.0,130.0,2,2.0,2.0,16.0,0,HOU
249,Melvin Gordon,83,DEN,1.0,4,23.0,107.0,2,3.0,2.0,11.0,0,NYJ
250,Chris Carson,89,SEA,1.0,4,16.0,80.0,2,4.0,3.0,20.0,0,MIA
251,Antonio Gibson,76,WAS,3.0,4,13.0,46.0,1,5.0,4.0,82.0,0,BAL
252,Jerick McKinnon,75,SF,3.0,4,14.0,54.0,1,8.0,7.0,43.0,0,PHI
253,Mike Davis,78,CAR,1.0,4,16.0,84.0,1,6.0,5.0,27.0,0,ARI
254,Aaron Jones,88,GB,1.0,4,15.0,71.0,0,5.0,5.0,40.0,1,ATL
255,Latavius Murray,82,NO,2.0,4,14.0,64.0,2,2.0,1.0,19.0,0,DET
256,Alvin Kamara,92,NO,1.0,4,19.0,83.0,1,4.0,3.0,36.0,0,DET
257,Todd Gurley,78,ATL,1.0,4,16.0,57.0,2,1.0,1.0,6.0,0,GB
258,Kareem Hunt,84,CLE,2.0,4,11.0,71.0,2,0.0,0.0,0.0,0,DAL
259,Ronald Jones II,83,TB,1.0,4,20.0,111.0,0,9.0,6.0,17.0,0,LAC
260,Devin Singletary,79,BUF,1.0,4,18.0,56.0,1,6.0,5.0,21.0,0,LV
261,Ezekiel Elliott,88,DAL,1.0,4,12.0,54.0,0,8.0,8.0,71.0,0,CLE
262,Jamaal Williams,78,GB,2.0,4,8.0,10.0,0,8.0,8.0,95.0,0,ATL
263,D'Andre Swift,76,DET,3.0,4,4.0,22.0,0,4.0,4.0,30.0,1,NO
264,Reggie Bonnafon,67,CAR,2.0,4,10.0,53.0,0,2.0,2.0,18.0,1,ARI
265,Chase Edmonds,79,ARI,2.0,4,4.0,16.0,0,6.0,5.0,24.0,1,CAR
266,James Robinson,81,JAX,1.0,4,17.0,75.0,0,4.0,4.0,32.0,0,CIN
267,James White,81,NE,1.0,4,3.0,21.0,0,8.0,7.0,38.0,0,KC
268,Clyde Edwards-Helaire,83,KC,1.0,4,16.0,64.0,0,3.0,3.0,27.0,0,NE
269,David Johnson,75,HOU,1.0,4,16.0,63.0,0,3.0,2.0,29.0,0,MIN
270,Devonta Freeman,76,NYG,1.0,4,11.0,33.0,0,4.0,4.0,35.0,0,LAR
271,David Montgomery,79,CHI,1.0,4,10.0,27.0,0,6.0,3.0,30.0,0,IND
272,Malcolm Brown,70,LAR,2.0,4,9.0,38.0,0,6.0,5.0,19.0,0,NYG
273,Mark Ingram,79,BAL,1.0,4,8.0,34.0,1,1.0,1.0,3.0,0,WAS
274,KeÕShawn Vaughn,70,TB,2.0,4,3.0,4.0,0,3.0,2.0,22.0,1,LAC
275,Josh Jacobs,91,LV,1.0,4,15.0,48.0,0,4.0,3.0,25.0,0,BUF
276,Tony Pollard,79,DAL,2.0,4,3.0,16.0,1,2.0,1.0,16.0,0,CLE
277,Damien Harris,70,NE,1.0,4,17.0,100.0,0,0.0,0.0,0.0,0,KC
278,Adrian Peterson,76,DET,1.0,4,11.0,36.0,1,2.0,0.0,0.0,0,NO
279,JD McKissic,77,WAS,2.0,4,2.0,6.0,0,8.0,7.0,40.0,0,BAL
280,Miles Sanders,84,PHI,1.0,4,13.0,46.0,0,4.0,2.0,30.0,0,SF
281,D'Ernest Johnson,67,CLE,3.0,4,13.0,95.0,0,0.0,0.0,0.0,0,DAL
282,Myles Gaskin,76,MIA,1.0,4,10.0,40.0,0,4.0,3.0,22.0,0,SEA
283,Jonathan Taylor,81,IND,1.0,4,17.0,68.0,0,1.0,1.0,11.0,0,CHI
284,Matt Breida,77,MIA,2.0,4,3.0,9.0,0,3.0,3.0,39.0,0,SEA
285,Travis Homer,67,SEA,3.0,4,4.0,5.0,0,1.0,1.0,3.0,1,MIA
286,Alexander Mattison,73,MIN,2.0,4,7.0,17.0,1,0.0,0.0,0.0,0,HOU
287,Duke Johnson,74,HOU,2.0,4,5.0,24.0,0,4.0,3.0,21.0,0,MIN
288,Nyheim Hines,82,IND,2.0,4,9.0,24.0,0,3.0,3.0,8.0,0,CHI
289,Rex Burkhead,78,NE,4.0,4,11.0,45.0,0,1.0,1.0,5.0,0,KC
290,Ito Smith,80,ATL,3.0,4,2.0,3.0,0,3.0,3.0,24.0,0,GB
291,Darrell Henderson,73,LAR,1.0,4,8.0,21.0,0,1.0,1.0,16.0,0,NYG
292,Frank Gore,79,NYJ,1.0,4,13.0,30.0,0,2.0,1.0,6.0,0,DEN
293,Wayne Gallman,72,NYG,1.0,4,6.0,45.0,0,0.0,0.0,0.0,0,LAR
294,Brian Hill,67,ATL,2.0,4,4.0,10.0,0,2.0,2.0,13.0,0,GB
295,DeeJay Dallas,67,SEA,4.0,4,2.0,8.0,0,2.0,2.0,15.0,0,MIA
296,Joshua Kelley,67,LAC,3.0,4,9.0,7.0,0,3.0,3.0,26.0,0,TB
297,Nick Chubb,95,CLE,1.0,4,6.0,43.0,0,0.0,0.0,0.0,0,DAL
298,Jordan Wilkins,73,IND,3.0,4,9.0,15.0,0,1.0,1.0,16.0,0,CHI
299,Justin Jackson,73,LAC,2.0,4,6.0,9.0,0,2.0,2.0,12.0,0,TB
300,Dion Lewis,76,NYG,2.0,4,1.0,10.0,0,3.0,2.0,8.0,0,LAR
301,Gus Edwards,81,BAL,2.0,4,9.0,38.0,0,0.0,0.0,0.0,0,WAS
302,Jalen Richard,77,LV,3.0,4,1.0,6.0,0,4.0,2.0,10.0,0,BUF
303,Kenyan Drake,81,ARI,1.0,4,13.0,35.0,0,0.0,0.0,0.0,0,CAR
304,Royce Freeman,75,DEN,2.0,4,3.0,6.0,0,2.0,2.0,6.0,0,NYJ
305,Kalen Ballage,67,NYJ,4.0,4,0.0,0.0,0,3.0,2.0,11.0,0,DEN
306,Dontrell Hilliard,68,CLE,5.0,4,5.0,19.0,0,1.0,1.0,2.0,0,DAL
307,Jeffery Wilson,67,SF,4.0,4,3.0,6.0,0,1.0,1.0,13.0,0,PHI
308,J.K. Dobbins,77,BAL,1.0,4,5.0,16.0,0,2.0,1.0,1.0,0,WAS
309,Austin Ekeler,86,LAC,1.0,4,2.0,12.0,0,1.0,1.0,2.0,0,TB
310,Kerryon Johnson,76,DET,2.0,4,3.0,9.0,0,1.0,1.0,3.0,0,NO
311,Giovani Bernard,81,CIN,1.0,4,2.0,19.0,0,0.0,0.0,0.0,0,JAX
312,Tyler Ervin,70,GB,3.0,4,0.0,0.0,0,2.0,1.0,8.0,0,ATL
313,LeSean McCoy,83,TB,2.0,4,1.0,3.0,0,1.0,1.0,3.0,0,LAC
314,Lamical Perine,67,NYJ,3.0,4,5.0,15.0,0,0.0,0.0,0.0,0,DEN
315,Theo Riddick,76,LV,3.0,4,2.0,13.0,0,0.0,0.0,0.0,0,BUF
316,Jordan Howard,78,MIA,1.0,4,2.0,2.0,0,1.0,1.0,-3.0,0,SEA
317,Peyton Barber,73,WAS,1.0,4,3.0,5.0,0,1.0,0.0,0.0,0,BAL
318,Corey Clement,76,PHI,3.0,4,2.0,3.0,0,0.0,0.0,0.0,0,SF
319,A.J. Dillon,70,GB,3.0,4,1.0,3.0,0,0.0,0.0,0.0,0,ATL
320,Darrel Williams,67,KC,3.0,4,1.0,2.0,0,1.0,0.0,0.0,0,NE
321,Boston Scott,70,PHI,2.0,4,2.0,1.0,0,0.0,0.0,0.0,0,SF
322,Mike Davis,78,CAR,1.0,5,16.0,89.0,0,10.0,9.0,60.0,1,ATL
323,Todd Gurley,78,ATL,1.0,5,14.0,121.0,1,5.0,4.0,29.0,0,CAR
324,Miles Sanders,84,PHI,1.0,5,11.0,80.0,2,4.0,2.0,19.0,0,PIT
325,Ezekiel Elliott,88,DAL,1.0,5,19.0,91.0,2,2.0,1.0,14.0,0,NYG
326,Josh Jacobs,91,LV,1.0,5,23.0,77.0,2,3.0,2.0,8.0,0,KC
327,Darrell Henderson,73,LAR,1.0,5,15.0,38.0,1,4.0,3.0,30.0,1,WAS
328,Chase Edmonds,79,ARI,2.0,5,3.0,36.0,1,6.0,5.0,56.0,0,NYJ
329,Myles Gaskin,76,MIA,1.0,5,16.0,57.0,1,5.0,5.0,34.0,0,SF
330,Alvin Kamara,92,NO,1.0,5,11.0,45.0,0,10.0,8.0,74.0,0,LAC
331,Dalvin Cook,97,MIN,1.0,5,17.0,65.0,1,5.0,5.0,24.0,0,SEA
332,Chris Carson,89,SEA,1.0,5,8.0,52.0,1,7.0,6.0,27.0,0,MIN
333,David Montgomery,79,CHI,1.0,5,10.0,29.0,1,8.0,7.0,30.0,0,TB
334,Kareem Hunt,84,CLE,2.0,5,20.0,72.0,0,4.0,3.0,21.0,1,IND
335,Devonta Freeman,76,NYG,1.0,5,17.0,60.0,1,3.0,2.0,27.0,0,DAL
336,Alexander Mattison,73,MIN,2.0,5,20.0,112.0,0,3.0,3.0,24.0,0,SEA
337,Ronald Jones II,83,TB,1.0,5,17.0,106.0,0,5.0,3.0,19.0,0,CHI
338,Joe Mixon,87,CIN,1.0,5,24.0,59.0,0,8.0,6.0,35.0,0,BAL
339,Jonathan Taylor,81,IND,1.0,5,12.0,57.0,1,3.0,2.0,17.0,0,CLE
340,James Conner,80,PIT,1.0,5,15.0,44.0,1,3.0,3.0,19.0,0,PHI
341,Raheem Mostert,84,SF,1.0,5,11.0,90.0,0,3.0,3.0,29.0,0,MIA
342,Justin Jackson,73,LAC,2.0,5,15.0,71.0,0,6.0,5.0,23.0,0,NO
343,Kenyan Drake,81,ARI,1.0,5,18.0,60.0,1,1.0,1.0,2.0,0,NYJ
344,David Johnson,75,HOU,1.0,5,17.0,96.0,0,4.0,2.0,7.0,0,JAX
345,Clyde Edwards-Helaire,83,KC,1.0,5,10.0,40.0,0,8.0,3.0,40.0,0,LV
346,JD McKissic,77,WAS,2.0,5,1.0,3.0,0,8.0,6.0,46.0,0,LAR
347,Antonio Gibson,76,WAS,3.0,5,11.0,27.0,0,5.0,5.0,24.0,0,LAR
348,James Robinson,81,JAX,1.0,5,13.0,48.0,0,7.0,5.0,22.0,0,HOU
349,J.K. Dobbins,77,BAL,1.0,5,1.0,34.0,0,3.0,3.0,21.0,0,CIN
350,Latavius Murray,82,NO,2.0,5,8.0,34.0,0,2.0,2.0,23.0,0,LAC
351,Devontae Booker,71,LV,2.0,5,7.0,62.0,0,1.0,1.0,5.0,0,KC
352,Brian Hill,67,ATL,2.0,5,6.0,39.0,0,2.0,2.0,15.0,0,CAR
353,Chris Thompson,75,JAX,2.0,5,2.0,7.0,0,3.0,3.0,35.0,0,HOU
354,Jalen Richard,77,LV,3.0,5,1.0,4.0,0,5.0,4.0,26.0,0,KC
355,Matt Breida,77,MIA,2.0,5,9.0,28.0,0,1.0,1.0,31.0,0,SF
356,Cam Akers,77,LAR,1.0,5,9.0,61.0,0,0.0,0.0,0.0,0,WAS
357,Mark Ingram,79,BAL,1.0,5,11.0,57.0,0,0.0,0.0,0.0,0,CIN
358,Tony Pollard,79,DAL,2.0,5,6.0,30.0,0,3.0,2.0,2.0,0,NYG
359,Le'Veon Bell,79,KC,2.0,5,6.9,43.7,0,0.5,0.5,3.7,0,LV
360,Nyheim Hines,82,IND,2.0,5,3.0,8.0,0,4.0,2.0,22.0,0,CLE
361,Joshua Kelley,67,LAC,3.0,5,11.0,29.0,0,1.0,1.0,9.0,0,NO
362,D'Ernest Johnson,67,CLE,3.0,5,8.0,32.0,0,1.0,1.0,4.0,0,IND
363,Wayne Gallman,72,NYG,1.0,5,5.0,24.0,0,2.0,2.0,0.0,0,DAL
364,Malcolm Brown,70,LAR,2.0,5,8.0,30.0,0,2.0,1.0,-6.0,0,WAS
365,Frank Gore,79,NYJ,1.0,5,9.0,30.0,0,0.0,0.0,0.0,0,ARI
366,Duke Johnson,74,HOU,2.0,5,3.0,8.0,0,1.0,1.0,11.0,0,JAX
367,Darrel Williams,67,KC,3.0,5,0.5,2.1,0,2.6,0.5,10.9,0,LV
368,Jeffery Wilson,67,SF,4.0,5,4.0,27.0,0,1.0,0.0,0.0,0,MIA
369,Jerick McKinnon,75,SF,3.0,5,1.0,0.0,0,4.0,2.0,5.0,0,MIA
370,Gus Edwards,81,BAL,2.0,5,7.0,25.0,0,3.0,0.0,0.0,0,CIN
371,Dion Lewis,76,NYG,2.0,5,0.0,0.0,0,4.0,2.0,1.0,0,DAL
372,Mike Boone,67,MIN,4.0,5,2.0,19.0,0,0.0,0.0,0.0,0,SEA
373,Benny Snell Jr.,75,PIT,2.0,5,7.0,19.0,0,0.0,0.0,0.0,0,PHI
374,Giovani Bernard,81,CIN,1.0,5,0.0,0.0,0,2.0,1.0,4.0,0,BAL
375,Travis Homer,67,SEA,3.0,5,3.0,14.0,0,0.0,0.0,0.0,0,MIN
376,Anthony McFarland Jr.,67,PIT,3.0,5,3.0,6.0,0,0.0,0.0,0.0,0,PHI
377,Ito Smith,80,ATL,3.0,5,2.0,6.0,0,0.0,0.0,0.0,0,CAR
378,KeÕShawn Vaughn,70,TB,2.0,5,0.0,0.0,0,3.0,2.0,5.0,0,CHI
379,Boston Scott,70,PHI,2.0,5,1.0,3.0,0,0.0,0.0,0.0,0,PIT
380,Elijhaa Penny,70,NYG,1.0,5,1.0,3.0,0,0.0,0.0,0.0,0,DAL
381,Jordan Wilkins,73,IND,3.0,5,1.0,1.0,0,0.0,0.0,0.0,0,CLE
382,Derrick Henry,93,TEN,1.0,6,22.0,212.0,2,5.0,2.0,52.0,0,HOU
383,Kenyan Drake,81,ARI,1.0,6,20.0,164.0,2,2.0,0.0,0.0,0,DAL
384,D'Andre Swift,76,DET,3.0,6,14.0,116.0,2,4.0,3.0,7.0,0,JAX
385,Ronald Jones II,83,TB,1.0,6,23.0,113.0,2,2.0,2.0,8.0,0,GB
386,Clyde Edwards-Helaire,83,KC,1.0,6,26.0,161.0,0,4.0,4.0,8.0,0,BUF
387,James Conner,80,PIT,1.0,6,20.0,101.0,1,1.0,1.0,1.0,0,CLE
388,Myles Gaskin,76,MIA,1.0,6,18.0,91.0,0,4.0,4.0,35.0,0,NYJ
389,Jonathan Taylor,81,IND,1.0,6,12.0,60.0,0,4.0,4.0,55.0,0,CIN
390,James White,81,NE,1.0,6,4.0,8.0,0,9.0,8.0,65.0,0,DEN
391,James Robinson,81,JAX,1.0,6,12.0,29.0,0,4.0,4.0,24.0,1,DET
392,Joe Mixon,87,CIN,1.0,6,18.0,54.0,1,3.0,2.0,15.0,0,IND
393,JD McKissic,77,WAS,2.0,6,8.0,41.0,0,6.0,6.0,43.0,0,NYG
394,David Johnson,75,HOU,1.0,6,19.0,57.0,1,2.0,1.0,12.0,0,TEN
395,David Montgomery,79,CHI,1.0,6,19.0,58.0,0,5.0,4.0,39.0,0,CAR
396,Aaron Jones,88,GB,1.0,6,10.0,15.0,1,5.0,3.0,26.0,0,TB
397,Adrian Peterson,76,DET,1.0,6,15.0,40.0,1,1.0,1.0,18.0,0,JAX
398,Miles Sanders,84,PHI,1.0,6,9.0,118.0,0,2.0,1.0,-6.0,0,BAL
399,Ezekiel Elliott,88,DAL,1.0,6,12.0,49.0,0,11.0,8.0,31.0,0,ARI
400,Giovani Bernard,81,CIN,1.0,6,8.0,15.0,1,3.0,3.0,13.0,0,IND
401,Mike Davis,78,CAR,1.0,6,18.0,52.0,1,3.0,2.0,3.0,0,CHI
402,Darrel Williams,67,KC,3.0,6,6.0,26.0,1,1.0,1.0,15.0,0,BUF
403,Frank Gore,79,NYJ,1.0,6,11.0,46.0,0,4.0,4.0,24.0,0,MIA
404,Phillip Lindsay,82,DEN,1.0,6,23.0,101.0,0,0.0,0.0,0.0,0,NE
405,Todd Gurley,78,ATL,1.0,6,20.0,47.0,0,4.0,3.0,20.0,0,MIN
406,Raheem Mostert,84,SF,1.0,6,17.0,65.0,0,2.0,2.0,11.0,0,LAR
407,Antonio Gibson,76,WAS,3.0,6,9.0,30.0,0,5.0,4.0,25.0,0,NYG
408,Darrell Henderson,73,LAR,1.0,6,14.0,88.0,0,0.0,0.0,4.0,0,SF
409,Benny Snell Jr.,75,PIT,2.0,6,6.0,17.0,1,1.0,1.0,4.0,0,CLE
410,Gus Edwards,81,BAL,2.0,6,14.0,26.0,1,0.0,0.0,0.0,0,PHI
411,Jeremy McNichols,69,TEN,2.0,6,5.0,51.0,0,3.0,2.0,11.0,0,HOU
412,Nyheim Hines,82,IND,2.0,6,0.0,0.0,0,6.0,5.0,27.0,0,CIN
413,Kareem Hunt,84,CLE,2.0,6,13.0,40.0,0,3.0,2.0,17.0,0,PIT
414,Devonta Freeman,76,NYG,1.0,6,18.0,61.0,0,2.0,1.0,-4.0,0,WAS
415,Tony Pollard,79,DAL,2.0,6,10.0,31.0,0,4.0,2.0,9.0,0,ARI
416,Lamical Perine,67,NYJ,3.0,6,7.0,27.0,0,3.0,2.0,9.0,0,MIA
417,Devin Singletary,79,BUF,1.0,6,10.0,32.0,0,2.0,1.0,13.0,0,KC
418,Malcolm Brown,70,LAR,2.0,6,2.0,4.0,0,4.0,3.0,18.0,0,SF
419,J.K. Dobbins,77,BAL,1.0,6,9.0,28.0,0,4.0,2.0,1.0,0,PHI
420,Jerick McKinnon,75,SF,3.0,6,6.0,18.0,0,3.0,2.0,10.0,0,LAR
421,Trenton Cannon,69,CAR,3.0,6,3.0,12.0,0,2.0,2.0,15.0,0,CHI
422,Chris Thompson,75,JAX,2.0,6,0.0,0.0,0,4.0,3.0,15.0,0,DET
423,Damien Harris,70,NE,1.0,6,6.0,19.0,0,1.0,1.0,14.0,0,DEN
424,Ty Johnson,67,NYJ,1.0,6,3.0,42.0,0,1.0,0.0,0.0,0,MIA
425,Matt Breida,77,MIA,2.0,6,6.0,15.0,0,2.0,2.0,7.0,0,NYJ
426,KeÕShawn Vaughn,70,TB,2.0,6,5.0,42.0,0,1.0,0.0,0.0,0,GB
427,Alexander Mattison,73,MIN,2.0,6,10.0,26.0,0,2.0,1.0,4.0,0,ATL
428,Royce Freeman,75,DEN,2.0,6,8.0,26.0,0,1.0,1.0,4.0,0,NE
429,Chase Edmonds,79,ARI,2.0,6,5.0,23.0,0,2.0,1.0,6.0,0,DAL
430,JaMycal Hasty,67,SF,6.0,6,9.0,37.0,0,1.0,0.0,0.0,0,LAR
431,Ito Smith,80,ATL,3.0,6,2.0,8.0,0,1.0,1.0,17.0,0,MIN
432,Jamaal Williams,78,GB,2.0,6,4.0,34.0,0,1.0,0.0,0.0,0,TB
433,Brian Hill,67,ATL,2.0,6,10.0,28.0,0,2.0,2.0,6.0,0,MIN
434,A.J. Dillon,70,GB,3.0,6,5.0,31.0,0,0.0,0.0,0.0,0,TB
435,Kerryon Johnson,76,DET,2.0,6,4.0,9.0,0,2.0,1.0,11.0,0,JAX
436,Boston Scott,70,PHI,2.0,6,2.0,4.0,0,4.0,2.0,5.0,0,BAL
437,Dontrell Hilliard,68,CLE,5.0,6,4.0,29.0,0,0.0,0.0,0.0,0,PIT
438,Duke Johnson,74,HOU,2.0,6,4.0,9.0,0,2.0,1.0,2.0,0,TEN
439,Peyton Barber,73,WAS,1.0,6,4.0,6.0,0,1.0,1.0,4.0,0,NYG
440,Dion Lewis,76,NYG,2.0,6,0.0,0.0,0,1.0,1.0,10.0,0,WAS
441,Mark Ingram,79,BAL,1.0,6,5.0,20.0,0,0.0,0.0,0.0,0,PHI
442,Ameer Abdullah,67,MIN,3.0,6,2.0,7.0,0,2.0,1.0,1.0,0,ATL
443,Anthony McFarland Jr.,67,PIT,3.0,6,3.0,2.0,0,1.0,1.0,6.0,0,CLE
444,LeSean McCoy,83,TB,2.0,6,4.0,1.0,0,1.0,1.0,6.0,0,GB
445,Darwin Thompson,67,KC,4.0,6,3.0,17.0,0,0.0,0.0,0.0,0,BUF
446,Mike Boone,67,MIN,4.0,6,1.0,-1.0,0,1.0,1.0,6.0,0,ATL
447,Rex Burkhead,78,NE,4.0,6,5.0,14.0,0,0.0,0.0,0.0,0,DEN
448,Rico Dowdle,67,DAL,3.0,6,3.0,13.0,0,0.0,0.0,0.0,0,ARI
449,Patrick Laird,67,MIA,5.0,6,0.0,0.0,0,1.0,1.0,2.0,0,NYJ
450,Zack Moss,68,BUF,2.0,6,5.0,10.0,0,0.0,0.0,0.0,0,KC
451,D'Ernest Johnson,67,CLE,3.0,6,4.0,1.0,0,1.0,0.0,0.0,0,PIT
452,Jeffery Wilson,68,SF,4.0,7,17.0,112.0,3,2.0,2.0,8.0,0,NE
453,James Robinson,67,JAX,4.0,7,22.0,119.0,1,6.0,4.0,18.0,1,LAC
454,Todd Gurley,84,ATL,1.0,7,23.0,63.0,2,3.0,2.0,19.0,0,DET
455,Antonio Gibson,71,WAS,1.0,7,20.0,128.0,1,1.0,0.0,0.0,0,DAL
456,Jamaal Williams,79,GB,3.0,7,19.0,77.0,1,5.0,4.0,37.0,0,HOU
457,Kareem Hunt,87,CLE,2.0,7,18.0,76.0,0,4.0,3.0,26.0,1,CIN
458,Giovani Bernard,79,CIN,2.0,7,13.0,37.0,0,5.0,5.0,59.0,1,CLE
459,Boston Scott,70,PHI,2.0,7,12.0,46.0,0,5.0,3.0,46.0,1,NYG
460,Alvin Kamara,90,NO,1.0,7,14.0,83.0,0,8.0,8.0,65.0,0,CAR
461,Chase Edmonds,71,ARI,2.0,7,5.0,58.0,0,7.0,7.0,87.0,0,SEA
462,Carlos Hyde,83,SEA,2.0,7,15.0,68.0,1,4.0,3.0,8.0,0,ARI
463,Derrick Henry,95,TEN,1.0,7,20.0,75.0,1,2.0,2.0,-3.0,0,PIT
464,David Johnson,78,HOU,1.0,7,14.0,42.0,0,4.0,4.0,42.0,1,GB
465,Clyde Edwards-Helaire,71,KC,1.0,7,8.0,46.0,1,4.0,1.0,17.0,0,DEN
466,Malcolm Brown,74,LAR,3.0,7,10.0,57.0,1,1.0,0.0,0.0,0,CHI
467,Lamical Perine,67,NYJ,3.0,7,11.0,39.0,1,3.0,2.0,16.0,0,BUF
468,Wayne Gallman,71,NYG,3.0,7,10.0,34.0,1,5.0,5.0,20.0,0,PHI
469,James Conner,83,PIT,1.0,7,20.0,82.0,0,5.0,3.0,29.0,0,TEN
470,D'Andre Swift,73,DET,1.0,7,9.0,27.0,1,5.0,4.0,21.0,0,ATL
471,Melvin Gordon,84,DEN,1.0,7,17.0,68.0,1,4.0,2.0,12.0,0,KC
472,Leonard Fournette,85,TB,1.0,7,11.0,50.0,0,7.0,6.0,47.0,0,LV
473,Ronald Jones II,81,TB,2.0,7,13.0,34.0,1,2.0,1.0,2.0,0,LV
474,Phillip Lindsay,82,DEN,2.0,7,9.0,79.0,0,0.0,0.0,0.0,0,KC
475,Darrell Henderson,72,LAR,2.0,7,15.0,64.0,0,2.0,2.0,13.0,0,CHI
476,JaMycal Hasty,67,SF,6.0,7,9.0,57.0,0,1.0,1.0,16.0,0,NE
477,Zack Moss,68,BUF,2.0,7,7.0,47.0,0,3.0,3.0,25.0,0,NYJ
478,Damien Harris,71,NE,3.0,7,10.0,58.0,0,1.0,1.0,12.0,0,SF
479,David Montgomery,80,CHI,1.0,7,14.0,48.0,0,5.0,5.0,21.0,0,LAR
480,Benny Snell Jr.,70,PIT,2.0,7,2.0,2.0,1,0.0,0.0,0.0,0,TEN
481,Frank Gore,82,NYJ,2.0,7,11.0,60.0,0,0.0,0.0,0.0,0,BUF
482,Latavius Murray,77,NO,2.0,7,11.0,47.0,0,1.0,1.0,9.0,0,CAR
483,Justin Jackson,74,LAC,2.0,7,5.0,12.0,0,6.0,5.0,43.0,0,JAX
484,Joshua Kelley,67,LAC,3.0,7,12.0,29.0,0,5.0,5.0,24.0,0,JAX
485,Ezekiel Elliott,90,DAL,1.0,7,12.0,45.0,0,2.0,1.0,6.0,0,WAS
486,JD McKissic,76,WAS,4.0,7,5.0,35.0,0,2.0,2.0,16.0,0,DAL
487,Devin Singletary,81,BUF,1.0,7,8.0,29.0,0,5.0,2.0,18.0,0,NYJ
488,Rex Burkhead,78,NE,4.0,7,4.0,12.0,0,4.0,3.0,35.0,0,SF
489,Duke Johnson,80,HOU,2.0,7,1.0,-1.0,0,5.0,5.0,43.0,0,GB
490,Kenyan Drake,83,ARI,1.0,7,14.0,34.0,0,2.0,1.0,7.0,0,SEA
491,Chris Carson,83,SEA,1.0,7,5.0,34.0,0,2.0,1.0,7.0,0,ARI
492,Le'Veon Bell,87,KC,1.0,7,6.0,39.0,0,0.0,0.0,0.0,0,DEN
493,Mike Davis,72,CAR,2.0,7,7.0,12.0,0,5.0,5.0,24.0,0,NO
494,Peyton Barber,74,WAS,3.0,7,10.0,34.0,0,0.0,0.0,0.0,0,DAL
495,Josh Jacobs,88,LV,1.0,7,10.0,17.0,0,4.0,3.0,14.0,0,TB
496,Adrian Peterson,79,DET,3.0,7,11.0,29.0,0,1.0,1.0,1.0,0,ATL
497,Brian Hill,67,ATL,3.0,7,2.0,3.0,0,3.0,3.0,27.0,0,DET
498,Jalen Richard,75,LV,2.0,7,7.0,24.0,0,0.0,0.0,0.0,0,TB
499,Tony Pollard,76,DAL,2.0,7,8.0,16.0,0,1.0,1.0,6.0,0,WAS
500,Corey Clement,72,PHI,3.0,7,2.0,9.0,0,1.0,1.0,12.0,0,NYG
501,DeeJay Dallas,67,SEA,4.0,7,0.0,0.0,0,3.0,2.0,18.0,0,ARI
502,Royce Freeman,77,DEN,3.0,7,3.0,12.0,0,2.0,1.0,5.0,0,KC
503,Devontae Booker,70,LV,3.0,7,3.0,5.0,0,2.0,2.0,9.0,0,TB
504,Jason Huntley,67,PHI,4.0,7,2.0,13.0,0,1.0,0.0,0.0,0,NYG
505,A.J. Dillon,70,GB,2.0,7,5.0,11.0,0,0.0,0.0,0.0,0,HOU
506,Travis Homer,67,SEA,5.0,7,3.0,10.0,0,0.0,0.0,0.0,0,ARI
507,Devonta Freeman,83,NYG,1.0,7,3.0,8.0,0,1.0,0.0,0.0,0,PHI
508,Deandre Washington,76,KC,4.0,7,3.0,5.0,0,1.0,1.0,2.0,0,DEN
509,Trenton Cannon,68,CAR,3.0,7,1.0,7.0,0,0.0,0.0,0.0,0,NO
510,Anthony McFarland Jr.,67,PIT,3.0,7,1.0,6.0,0,1.0,0.0,0.0,0,TEN
511,Samaje Perine,69,CIN,4.0,7,1.0,3.0,0,1.0,1.0,3.0,0,CLE
512,Troymaine Pope,67,LAC,3.0,7,1.0,6.0,0,0.0,0.0,0.0,0,JAX
513,Jaylen Samuels,71,PIT,4.0,7,1.0,5.0,0,0.0,0.0,0.0,0,TEN
514,James White,84,NE,1.0,7,0.0,0.0,0,1.0,1.0,3.0,0,SF
515,Dion Lewis,76,NYG,2.0,7,3.0,23.0,0,0.0,0.0,0.0,0,PHI
516,D'Ernest Johnson,67,CLE,3.0,7,1.0,3.0,0,0.0,0.0,0.0,0,CIN
517,Jeremy McNichols,69,TEN,4.0,7,1.0,2.0,0,0.0,0.0,0.0,0,PIT
518,Dalvin Cook,97,MIN,1.0,8,30.0,163.0,3,3.0,2.0,63.0,1,GB
519,Alvin Kamara,92,NO,1.0,8,12.0,67.0,0,13.0,9.0,96.0,0,CHI
520,Giovani Bernard,81,CIN,1.0,8,15.0,62.0,1,4.0,3.0,16.0,1,TEN
521,DeeJay Dallas,67,SEA,4.0,8,18.0,41.0,1,5.0,5.0,17.0,1,SF
522,Nyheim Hines,82,IND,2.0,8,5.0,8.0,0,5.0,3.0,54.0,2,DET
523,Jordan Wilkins,73,IND,3.0,8,20.0,89.0,1,1.0,1.0,24.0,0,DET
524,Zack Moss,68,BUF,2.0,8,14.0,81.0,2,1.0,0.0,0.0,0,NE
525,Jamaal Williams,78,GB,2.0,8,16.0,75.0,0,6.0,6.0,27.0,0,MIN
526,Derrick Henry,93,TEN,1.0,8,18.0,112.0,1,1.0,0.0,0.0,0,CIN
527,Justin Jackson,73,LAC,2.0,8,17.0,89.0,0,5.0,3.0,53.0,0,DEN
528,Damien Harris,70,NE,1.0,8,16.0,102.0,1,0.0,0.0,0.0,0,BUF
529,Phillip Lindsay,82,DEN,1.0,8,6.0,83.0,1,3.0,1.0,3.0,0,LAC
530,James Conner,80,PIT,1.0,8,15.0,47.0,1,3.0,3.0,13.0,0,BAL
531,Gus Edwards,81,BAL,2.0,8,16.0,87.0,1,1.0,0.0,0.0,0,PIT
532,Troymaine Pope,67,LAC,4.0,8,10.0,67.0,0,7.0,5.0,28.0,0,DEN
533,Jerick McKinnon,75,SF,3.0,8,3.0,-1.0,1,4.0,4.0,40.0,0,SEA
534,Myles Gaskin,76,MIA,1.0,8,18.0,47.0,1,6.0,3.0,16.0,0,LAR
535,Wayne Gallman,72,NYG,1.0,8,12.0,44.0,1,1.0,1.0,18.0,0,TB
536,J.K. Dobbins,77,BAL,1.0,8,15.0,113.0,0,2.0,1.0,8.0,0,PIT
537,Josh Jacobs,91,LV,1.0,8,31.0,128.0,0,1.0,0.0,0.0,0,CLE
538,David Montgomery,79,CHI,1.0,8,21.0,89.0,0,5.0,2.0,16.0,0,NO
539,Melvin Gordon,83,DEN,1.0,8,8.0,26.0,0,7.0,6.0,21.0,0,LAC
540,Todd Gurley,78,ATL,1.0,8,18.0,46.0,1,0.0,0.0,0.0,0,CAR
541,Samaje Perine,69,CIN,2.0,8,10.0,32.0,1,1.0,1.0,2.0,0,TEN
542,Devin Singletary,79,BUF,1.0,8,14.0,86.0,0,1.0,1.0,6.0,0,NE
543,JaMycal Hasty,67,SF,6.0,8,12.0,29.0,1,1.0,1.0,2.0,0,SEA
544,Leonard Fournette,81,TB,1.0,8,15.0,52.0,0,6.0,3.0,19.0,0,NYG
545,Boston Scott,70,PHI,2.0,8,15.0,70.0,0,2.0,2.0,9.0,0,DAL
546,Kerryon Johnson,76,DET,2.0,8,0.0,0.0,0,2.0,2.0,15.0,1,IND
547,Kareem Hunt,84,CLE,2.0,8,14.0,66.0,0,3.0,2.0,7.0,0,LV
548,Dion Lewis,76,NYG,2.0,8,0.0,0.0,0,3.0,2.0,8.0,1,TB
549,Mike Davis,78,CAR,1.0,8,13.0,66.0,0,2.0,1.0,11.0,0,ATL
550,Tony Pollard,79,DAL,2.0,8,7.0,40.0,0,2.0,2.0,24.0,0,PHI
551,Brian Hill,67,ATL,2.0,8,11.0,55.0,0,3.0,2.0,9.0,0,CAR
552,Ezekiel Elliott,88,DAL,1.0,8,19.0,63.0,0,2.0,1.0,10.0,0,PHI
553,Malcolm Brown,70,LAR,2.0,8,10.0,40.0,0,2.0,2.0,17.0,0,MIA
554,Le'Veon Bell,79,KC,2.0,8,6.0,7.0,0,3.0,3.0,31.0,0,NYJ
555,Darrell Henderson,73,LAR,1.0,8,8.0,47.0,0,2.0,1.0,11.0,0,MIA
556,Cam Akers,77,LAR,1.0,8,9.0,35.0,0,1.0,1.0,19.0,0,MIA
557,Latavius Murray,82,NO,2.0,8,8.0,17.0,0,3.0,3.0,14.0,0,CHI
558,Clyde Edwards-Helaire,83,KC,1.0,8,6.0,21.0,0,3.0,3.0,10.0,0,NYJ
559,Devontae Booker,71,LV,2.0,8,5.0,29.0,0,1.0,1.0,17.0,0,CLE
560,James White,81,NE,1.0,8,2.0,0.0,0,4.0,2.0,35.0,0,BUF
561,D'Andre Swift,76,DET,3.0,8,6.0,1.0,0,4.0,3.0,22.0,0,IND
562,Jonathan Taylor,81,IND,1.0,8,11.0,22.0,0,3.0,2.0,9.0,0,DET
563,Jeremy McNichols,69,TEN,2.0,8,4.0,49.0,0,1.0,0.0,0.0,0,CIN
564,A.J. Dillon,70,GB,3.0,8,5.0,21.0,0,1.0,1.0,16.0,0,MIN
565,Rex Burkhead,78,NE,4.0,8,6.0,26.0,0,1.0,1.0,5.0,0,BUF
566,Corey Clement,76,PHI,3.0,8,5.0,24.0,0,2.0,1.0,4.0,0,DAL
567,D'Onta Foreman,77,TEN,4.0,8,5.0,37.0,0,0.0,0.0,0.0,0,CIN
568,Darrel Williams,67,KC,3.0,8,3.0,19.0,0,1.0,1.0,7.0,0,NYJ
569,Joshua Kelley,67,LAC,3.0,8,7.0,32.0,0,1.0,1.0,-7.0,0,DEN
570,Ty Johnson,67,NYJ,1.0,8,3.0,15.0,0,1.0,1.0,6.0,0,KC
571,Frank Gore,79,NYJ,1.0,8,10.0,30.0,0,0.0,0.0,0.0,0,KC
572,Alfred Morris,74,NYG,3.0,8,8.0,28.0,0,0.0,0.0,0.0,0,TB
573,Jalen Richard,77,LV,3.0,8,1.0,6.0,0,1.0,1.0,12.0,0,CLE
574,Adrian Peterson,76,DET,1.0,8,5.0,7.0,0,1.0,1.0,5.0,0,IND
575,Elijhaa Penny,70,NYG,1.0,8,0.0,0.0,0,1.0,1.0,11.0,0,TB
576,D'Ernest Johnson,67,CLE,3.0,8,2.0,6.0,0,1.0,1.0,5.0,0,LV
577,Tevin Coleman,85,SF,2.0,8,3.0,20.0,0,0.0,0.0,0.0,0,SEA
578,Tyler Ervin,70,GB,3.0,8,0.0,0.0,0,3.0,1.0,7.0,0,MIN
579,Khari Blasingame,67,TEN,3.0,8,0.0,0.0,0,1.0,1.0,5.0,0,CIN
580,Matt Breida,77,MIA,2.0,8,4.0,13.0,0,0.0,0.0,0.0,0,LAR
581,Ryan Nall,67,CHI,2.0,8,0.0,0.0,0,1.0,1.0,2.0,0,NO
582,Alexander Mattison,73,MIN,2.0,8,3.0,8.0,0,0.0,0.0,0.0,0,GB
583,Travis Homer,67,SEA,3.0,8,1.0,4.0,0,0.0,0.0,0.0,0,SF
584,Darwin Thompson,67,KC,4.0,8,4.0,3.0,0,1.0,0.0,0.0,0,NYJ
585,Qadree Ollison,67,ATL,4.0,8,1.0,3.0,0,0.0,0.0,0.0,0,CAR
586,Anthony McFarland Jr.,67,PIT,3.0,8,1.0,1.0,0,0.0,0.0,0.0,0,BAL
587,Dalvin Cook,97,MIN,1.0,9,22.0,206.0,2,2.0,2.0,46.0,0,DET
588,Christian McCaffrey,99,CAR,2.0,9,18.0,69.0,1,10.0,10.0,82.0,1,KC
589,JD McKissic,77,WAS,2.0,9,3.0,17.0,0,14.0,9.0,65.0,0,NYG
590,Kalen Ballage,67,NYJ,4.0,9,15.0,69.0,1,3.0,2.0,15.0,0,NE
591,Alvin Kamara,92,NO,1.0,9,9.0,40.0,1,6.0,5.0,9.0,0,TB
592,James Robinson,81,JAX,1.0,9,25.0,99.0,1,2.0,0.0,0.0,0,HOU
593,Jerick McKinnon,75,SF,3.0,9,12.0,52.0,1,4.0,3.0,16.0,0,GB
594,Duke Johnson,74,HOU,2.0,9,16.0,41.0,1,4.0,4.0,32.0,0,JAX
595,Wayne Gallman,72,NYG,1.0,9,14.0,68.0,1,2.0,1.0,9.0,0,WAS
596,Josh Jacobs,91,LV,1.0,9,14.0,65.0,1,1.0,1.0,3.0,0,LAC
597,Ryan Nall,67,CHI,2.0,9,0.0,0.0,0,4.0,4.0,35.0,1,TEN
598,Todd Gurley,78,ATL,1.0,9,19.0,53.0,1,2.0,2.0,2.0,0,DEN
599,Aaron Jones,88,GB,1.0,9,15.0,58.0,0,5.0,5.0,21.0,0,SF
600,Devontae Booker,71,LV,2.0,9,8.0,68.0,1,0.0,0.0,0.0,0,LAC
601,Zack Moss,68,BUF,2.0,9,9.0,18.0,1,2.0,2.0,30.0,0,SEA
602,D'Andre Swift,76,DET,3.0,9,13.0,64.0,0,5.0,3.0,33.0,0,MIN
603,Antonio Gibson,76,WAS,3.0,9,6.0,20.0,1,3.0,3.0,35.0,0,NYG
604,Clyde Edwards-Helaire,83,KC,1.0,9,5.0,14.0,0,5.0,3.0,20.0,1,CAR
605,DeeJay Dallas,67,SEA,4.0,9,7.0,31.0,1,2.0,2.0,8.0,0,BUF
606,Chase Edmonds,79,ARI,2.0,9,25.0,70.0,0,3.0,3.0,18.0,0,MIA
607,Tyler Ervin,70,GB,3.0,9,8.0,24.0,0,5.0,4.0,48.0,0,SF
608,Travis Homer,67,SEA,3.0,9,6.0,16.0,0,3.0,3.0,64.0,0,BUF
609,Joshua Kelley,67,LAC,3.0,9,9.0,28.0,0,5.0,5.0,31.0,0,LV
610,Leonard Fournette,81,TB,1.0,9,1.0,0.0,0,6.0,6.0,41.0,0,NO
611,Kerryon Johnson,76,DET,2.0,9,4.0,29.0,0,3.0,3.0,36.0,0,MIN
612,Jonathan Taylor,81,IND,1.0,9,6.0,27.0,1,2.0,2.0,7.0,0,BAL
613,Gus Edwards,81,BAL,2.0,9,11.0,23.0,1,2.0,2.0,11.0,0,IND
614,Ameer Abdullah,67,MIN,3.0,9,0.0,0.0,0,1.0,1.0,22.0,1,DET
615,Ezekiel Elliott,88,DAL,1.0,9,18.0,51.0,0,3.0,2.0,18.0,0,PIT
616,Mike Davis,78,CAR,1.0,9,1.0,3.0,0,6.0,5.0,34.0,0,KC
617,Alfred Morris,74,NYG,3.0,9,9.0,67.0,0,1.0,1.0,4.0,0,WAS
618,Jordan Howard,78,MIA,1.0,9,10.0,19.0,1,0.0,0.0,0.0,0,ARI
619,Chris Thompson,75,JAX,2.0,9,1.0,3.0,0,4.0,4.0,35.0,0,HOU
620,Adrian Peterson,76,DET,1.0,9,8.0,29.0,0,5.0,3.0,14.0,0,MIN
621,Alexander Mattison,73,MIN,2.0,9,12.0,69.0,0,0.0,0.0,0.0,0,DET
622,Derrick Henry,93,TEN,1.0,9,21.0,68.0,0,0.0,0.0,0.0,0,CHI
623,Tony Pollard,79,DAL,2.0,9,9.0,57.0,0,2.0,1.0,1.0,0,PIT
624,Devin Singletary,79,BUF,1.0,9,2.0,1.0,0,3.0,3.0,33.0,0,SEA
625,Latavius Murray,82,NO,2.0,9,10.0,39.0,0,2.0,2.0,3.0,0,TB
626,Jordan Wilkins,73,IND,3.0,9,11.0,39.0,0,2.0,2.0,-1.0,0,BAL
627,Nyheim Hines,82,IND,2.0,9,2.0,18.0,0,3.0,2.0,20.0,0,BAL
628,J.K. Dobbins,77,BAL,1.0,9,12.0,30.0,0,2.0,2.0,5.0,0,IND
629,David Montgomery,79,CHI,1.0,9,14.0,30.0,0,3.0,3.0,12.0,0,TEN
630,Ronald Jones II,83,TB,1.0,9,3.0,9.0,0,4.0,3.0,9.0,0,NO
631,Anthony McFarland Jr.,67,PIT,3.0,9,3.0,7.0,0,2.0,2.0,15.0,0,DAL
632,Dion Lewis,76,NYG,2.0,9,3.0,5.0,0,2.0,2.0,16.0,0,WAS
633,James Conner,80,PIT,1.0,9,9.0,22.0,0,2.0,2.0,-2.0,0,DAL
634,Salvon Ahmed,67,MIA,3.0,9,7.0,38.0,0,0.0,0.0,0.0,0,ARI
635,Melvin Gordon,83,DEN,1.0,9,6.0,18.0,0,1.0,1.0,9.0,0,ATL
636,JaMycal Hasty,67,SF,6.0,9,4.0,3.0,0,2.0,2.0,10.0,0,GB
637,Jalen Richard,77,LV,3.0,9,1.0,3.0,0,1.0,1.0,19.0,0,LAC
638,Patrick Laird,67,MIA,5.0,9,1.0,-1.0,0,1.0,1.0,17.0,0,ARI
639,Brian Hill,67,ATL,2.0,9,8.0,24.0,0,1.0,0.0,0.0,0,DEN
640,Phillip Lindsay,82,DEN,1.0,9,8.0,23.0,0,3.0,0.0,0.0,0,ATL
641,DJ Foster,67,ARI,5.0,9,1.0,2.0,0,1.0,1.0,7.0,0,MIA
642,David Johnson,75,HOU,1.0,9,2.0,16.0,0,1.0,0.0,0.0,0,JAX
643,Darrel Williams,67,KC,3.0,9,0.0,0.0,0,1.0,1.0,3.0,0,CAR
644,Le'Veon Bell,79,KC,2.0,9,4.0,8.0,0,1.0,1.0,-5.0,0,CAR
645,D'Onta Foreman,77,TEN,4.0,9,5.0,11.0,0,0.0,0.0,0.0,0,CHI
646,Jeremy McNichols,69,TEN,2.0,9,2.0,10.0,0,0.0,0.0,0.0,0,CHI
647,Dwayne Washington,67,NO,3.0,9,5.0,9.0,0,0.0,0.0,0.0,0,TB
648,Dexter Williams,67,GB,3.0,9,2.0,8.0,0,0.0,0.0,0.0,0,SF
649,Elijhaa Penny,70,NYG,1.0,9,1.0,2.0,0,1.0,0.0,0.0,0,WAS
650,Benny Snell Jr.,75,PIT,2.0,9,3.0,1.0,0,0.0,0.0,0.0,0,DAL
651,Alvin Kamara,92,NO,1.0,10,8.0,15.0,2,8.0,7.0,83.0,1,SF
652,Josh Jacobs,91,LV,1.0,10,21.0,112.0,2,4.0,4.0,24.0,0,DEN
653,Nyheim Hines,82,IND,2.0,10,12.0,70.0,1,6.0,5.0,45.0,1,TEN
654,Rex Burkhead,78,NE,4.0,10,6.0,31.0,0,5.0,4.0,35.0,2,BAL
655,Antonio Gibson,76,WAS,3.0,10,13.0,45.0,2,4.0,4.0,20.0,0,DET
656,Devontae Booker,71,LV,2.0,10,16.0,81.0,2,1.0,1.0,2.0,0,DEN
657,Malcolm Brown,70,LAR,2.0,10,6.0,33.0,2,2.0,2.0,18.0,0,SEA
658,Wayne Gallman,72,NYG,1.0,10,18.0,53.0,2,2.0,1.0,7.0,0,PHI
659,Nick Chubb,95,CLE,1.0,10,19.0,126.0,1,1.0,0.0,0.0,0,HOU
660,JD McKissic,77,WAS,2.0,10,8.0,6.0,1,15.0,7.0,43.0,0,DET
661,Kareem Hunt,84,CLE,2.0,10,19.0,104.0,0,4.0,3.0,28.0,0,HOU
662,Dalvin Cook,97,MIN,1.0,10,30.0,96.0,0,4.0,4.0,16.0,0,CHI
663,Aaron Jones,88,GB,1.0,10,13.0,46.0,0,6.0,5.0,49.0,0,JAX
664,Boston Scott,70,PHI,2.0,10,3.0,63.0,1,1.0,1.0,11.0,0,NYG
665,Miles Sanders,84,PHI,1.0,10,15.0,85.0,0,5.0,2.0,10.0,0,NYG
666,James Robinson,81,JAX,1.0,10,23.0,109.0,0,5.0,2.0,3.0,0,GB
667,Damien Harris,70,NE,1.0,10,22.0,121.0,0,0.0,0.0,0.0,0,BAL
668,Derrick Henry,93,TEN,1.0,10,19.0,103.0,0,2.0,1.0,6.0,0,IND
669,Chase Edmonds,79,ARI,2.0,10,8.0,56.0,0,3.0,3.0,21.0,0,BUF
670,Darrell Henderson,73,LAR,1.0,10,7.0,28.0,1,1.0,1.0,5.0,0,SEA
671,Kenyan Drake,81,ARI,1.0,10,16.0,100.0,0,1.0,1.0,9.0,0,BUF
672,D'Onta Foreman,77,TEN,4.0,10,7.0,18.0,0,1.0,1.0,5.0,1,IND
673,Giovani Bernard,81,CIN,1.0,10,8.0,30.0,0,7.0,4.0,17.0,0,PIT
674,Jamaal Williams,78,GB,2.0,10,8.0,30.0,0,4.0,3.0,25.0,0,JAX
675,Mike Davis,78,CAR,1.0,10,7.0,32.0,0,5.0,4.0,12.0,0,TB
676,Gus Edwards,81,BAL,2.0,10,7.0,42.0,0,2.0,1.0,31.0,0,NE
677,James Conner,80,PIT,1.0,10,13.0,36.0,0,2.0,2.0,12.0,0,CIN
678,Corey Clement,76,PHI,3.0,10,1.0,5.0,1,0.0,0.0,0.0,0,NYG
679,Samaje Perine,69,CIN,2.0,10,7.0,48.0,0,1.0,1.0,7.0,0,PIT
680,Latavius Murray,82,NO,2.0,10,9.0,57.0,0,0.0,0.0,0.0,0,SF
681,Jonathan Taylor,81,IND,1.0,10,7.0,12.0,0,2.0,2.0,25.0,0,TEN
682,Jerick McKinnon,75,SF,3.0,10,18.0,33.0,0,3.0,1.0,13.0,0,NO
683,Duke Johnson,74,HOU,2.0,10,14.0,54.0,0,1.0,0.0,0.0,0,CLE
684,DeeJay Dallas,67,SEA,4.0,10,2.0,8.0,0,3.0,2.0,23.0,0,LAR
685,Leonard Fournette,81,TB,1.0,10,8.0,19.0,0,3.0,2.0,11.0,0,CAR
686,Travis Homer,67,SEA,3.0,10,0.0,0.0,0,3.0,3.0,19.0,0,LAR
687,Mark Ingram,79,BAL,1.0,10,5.0,5.0,0,2.0,2.0,24.0,0,NE
688,Melvin Gordon,83,DEN,1.0,10,11.0,46.0,0,2.0,0.0,0.0,0,LV
689,Royce Freeman,75,DEN,2.0,10,2.0,11.0,0,2.0,2.0,15.0,0,LV
690,Jeremy McNichols,69,TEN,2.0,10,3.0,26.0,0,1.0,1.0,8.0,0,IND
691,Adrian Peterson,76,DET,1.0,10,4.0,21.0,0,1.0,1.0,9.0,0,WAS
692,Cam Akers,77,LAR,1.0,10,10.0,38.0,0,0.0,0.0,0.0,0,SEA
693,Dion Lewis,76,NYG,2.0,10,0.0,0.0,0,2.0,2.0,17.0,0,PHI
694,Alfred Morris,74,NYG,3.0,10,8.0,34.0,0,0.0,0.0,0.0,0,PHI
695,Jordan Wilkins,73,IND,3.0,10,8.0,28.0,0,1.0,0.0,0.0,0,TEN
696,James White,81,NE,1.0,10,0.0,0.0,0,2.0,2.0,8.0,0,BAL
697,Ryan Nall,67,CHI,2.0,10,1.0,0.0,0,2.0,1.0,18.0,0,MIN
698,Zack Moss,68,BUF,2.0,10,7.0,20.0,0,2.0,1.0,-3.0,0,ARI
699,Peyton Barber,73,WAS,1.0,10,2.0,7.0,0,1.0,1.0,7.0,0,DET
700,J.K. Dobbins,77,BAL,1.0,10,5.0,13.0,0,2.0,1.0,1.0,0,NE
701,Khari Blasingame,67,TEN,3.0,10,0.0,0.0,0,1.0,1.0,13.0,0,IND
702,Trayveon Williams,67,CIN,3.0,10,5.0,22.0,0,0.0,0.0,0.0,0,PIT
703,Joshua Kelley,67,LAC,3.0,10,7.0,21.0,0,0.0,0.0,0.0,0,MIA
704,Devin Singletary,79,BUF,1.0,10,4.0,15.0,0,5.0,1.0,-5.0,0,ARI
705,Patrick Laird,67,MIA,5.0,10,2.0,19.0,0,0.0,0.0,0.0,0,LAC
706,Dare Ogunbowale,67,JAX,2.0,10,0.0,0.0,0,2.0,1.0,5.0,0,GB
707,Tyler Ervin,70,GB,3.0,10,1.0,0.0,0,1.0,1.0,3.0,0,JAX
708,CJ Prosise,69,HOU,3.0,10,0.0,0.0,0,1.0,1.0,-2.0,0,CLE
709,Alexander Mattison,73,MIN,2.0,10,2.0,4.0,0,0.0,0.0,0.0,0,CHI
710,Kerryon Johnson,76,DET,2.0,10,1.0,3.0,0,0.0,0.0,0.0,0,WAS
712,Phillip Lindsay,82,DEN,1.0,10,4.0,2.0,0,1.0,0.0,0.0,0,LV
713,Dalvin Cook,97,MIN,1.0,11,27.0,115.0,1,5.0,5.0,45.0,0,DAL
714,Clyde Edwards-Helaire,83,KC,1.0,11,14.0,69.0,2,2.0,1.0,8.0,0,LV
715,Derrick Henry,93,TEN,1.0,11,28.0,133.0,1,2.0,1.0,-1.0,0,BAL
716,Ezekiel Elliott,88,DAL,1.0,11,21.0,103.0,0,2.0,2.0,11.0,1,MIN
717,J.K. Dobbins,77,BAL,1.0,11,15.0,70.0,1,2.0,2.0,15.0,0,TEN
718,Melvin Gordon,83,DEN,1.0,11,15.0,84.0,2,0.0,0.0,0.0,0,MIA
719,Carlos Hyde,79,SEA,2.0,11,14.0,79.0,1,3.0,2.0,16.0,0,ARI
720,Antonio Gibson,76,WAS,3.0,11,16.0,94.0,1,2.0,1.0,10.0,0,CIN
721,Aaron Jones,88,GB,1.0,11,10.0,41.0,1,4.0,4.0,30.0,0,IND
722,Kenyan Drake,81,ARI,1.0,11,11.0,29.0,1,5.0,4.0,31.0,0,SEA
723,Mike Davis,78,CAR,1.0,11,19.0,64.0,1,2.0,2.0,15.0,0,DET
724,Jonathan Taylor,81,IND,1.0,11,22.0,90.0,0,4.0,4.0,24.0,0,GB
725,Frank Gore,79,NYJ,1.0,11,15.0,61.0,1,2.0,2.0,10.0,0,LAC
726,Chase Edmonds,79,ARI,2.0,11,2.0,13.0,0,4.0,4.0,36.0,1,SEA
727,James White,81,NE,1.0,11,5.0,19.0,0,9.0,6.0,64.0,0,HOU
728,Kalen Ballage,67,NYJ,4.0,11,16.0,44.0,0,9.0,7.0,27.0,0,LAC
729,Josh Jacobs,91,LV,1.0,11,17.0,55.0,1,1.0,1.0,9.0,0,KC
730,James Conner,80,PIT,1.0,11,13.0,89.0,0,3.0,3.0,10.0,0,JAX
731,Salvon Ahmed,67,MIA,3.0,11,12.0,43.0,0,6.0,5.0,31.0,0,DEN
732,Damien Harris,70,NE,1.0,11,11.0,43.0,1,2.0,1.0,11.0,0,HOU
733,Tony Pollard,79,DAL,2.0,11,5.0,60.0,1,0.0,0.0,0.0,0,MIN
734,James Robinson,81,JAX,1.0,11,17.0,73.0,0,2.0,2.0,21.0,0,PIT
735,Nick Chubb,95,CLE,1.0,11,20.0,114.0,0,0.0,0.0,0.0,0,PHI
736,Le'Veon Bell,79,KC,2.0,11,7.0,25.0,1,1.0,1.0,11.0,0,LV
737,Latavius Murray,82,NO,2.0,11,12.0,49.0,0,2.0,2.0,36.0,0,ATL
738,Alvin Kamara,92,NO,1.0,11,13.0,45.0,1,1.0,0.0,0.0,0,ATL
739,JD McKissic,77,WAS,2.0,11,6.0,43.0,0,4.0,3.0,26.0,0,CIN
740,Leonard Fournette,81,TB,1.0,11,7.0,17.0,1,4.0,1.0,9.0,0,LAR
741,Giovani Bernard,81,CIN,1.0,11,9.0,18.0,0,5.0,4.0,37.0,0,WAS
742,Kareem Hunt,84,CLE,2.0,11,13.0,11.0,1,1.0,1.0,10.0,0,PHI
743,Miles Sanders,84,PHI,1.0,11,16.0,66.0,0,5.0,3.0,15.0,0,CLE
744,Cam Akers,77,LAR,1.0,11,5.0,15.0,0,1.0,1.0,4.0,1,TB
745,Jamaal Williams,78,GB,2.0,11,5.0,12.0,0,2.0,1.0,4.0,1,IND
746,Nyheim Hines,82,IND,2.0,11,6.0,2.0,0,4.0,3.0,31.0,0,GB
747,Phillip Lindsay,82,DEN,1.0,11,16.0,82.0,0,0.0,0.0,0.0,0,MIA
748,Boston Scott,70,PHI,2.0,11,5.0,24.0,0,3.0,3.0,26.0,0,CLE
749,Benny Snell Jr.,75,PIT,2.0,11,7.0,15.0,1,0.0,0.0,0.0,0,JAX
750,Duke Johnson,74,HOU,2.0,11,10.0,15.0,0,5.0,3.0,20.0,0,NE
751,Kerryon Johnson,76,DET,2.0,11,6.0,17.0,0,5.0,2.0,21.0,0,CAR
752,Ty Johnson,67,NYJ,1.0,11,0.0,0.0,0,6.0,4.0,17.0,0,LAC
753,Darrel Williams,67,KC,3.0,11,0.0,0.0,0,3.0,3.0,22.0,0,LV
754,DeeJay Dallas,67,SEA,4.0,11,1.0,13.0,0,2.0,2.0,19.0,0,ARI
755,Jordan Wilkins,73,IND,3.0,11,4.0,21.0,0,1.0,1.0,15.0,0,GB
756,Todd Gurley,78,ATL,1.0,11,8.0,26.0,0,2.0,1.0,3.0,0,NO
757,Malcolm Brown,70,LAR,2.0,11,3.0,20.0,0,1.0,1.0,8.0,0,TB
758,Troymaine Pope,67,LAC,4.0,11,3.0,4.0,0,2.0,2.0,12.0,0,NYJ
759,Devine Ozigbo,67,JAX,3.0,11,0.0,0.0,0,3.0,3.0,5.0,0,PIT
760,CJ Prosise,69,HOU,3.0,11,3.0,4.0,0,2.0,2.0,8.0,0,NE
761,Rex Burkhead,78,NE,4.0,11,4.0,7.0,0,3.0,2.0,5.0,0,HOU
762,Samaje Perine,69,CIN,2.0,11,5.0,19.0,0,2.0,1.0,2.0,0,WAS
763,Bo Scarbrough,69,SEA,4.0,11,6.0,31.0,0,0.0,0.0,0.0,0,ARI
764,Rodney Smith,67,CAR,5.0,11,8.0,29.0,0,0.0,0.0,0.0,0,DET
765,Darrell Henderson,73,LAR,1.0,11,8.0,5.0,0,3.0,2.0,4.0,0,TB
766,Devontae Booker,71,LV,2.0,11,5.0,16.0,0,1.0,1.0,3.0,0,KC
767,Peyton Barber,73,WAS,1.0,11,8.0,28.0,0,0.0,0.0,0.0,0,CIN
768,Joshua Kelley,67,LAC,3.0,11,4.0,-2.0,0,2.0,2.0,4.0,0,NYJ
769,Brian Hill,67,ATL,2.0,11,4.0,18.0,0,0.0,0.0,0.0,0,NO
770,Adrian Peterson,76,DET,1.0,11,7.0,18.0,0,1.0,0.0,0.0,0,CAR
771,Patrick Laird,67,MIA,5.0,11,0.0,0.0,0,2.0,1.0,8.0,0,DEN
772,Jeremy McNichols,69,TEN,2.0,11,0.0,0.0,0,1.0,1.0,2.0,0,BAL
773,Alexander Mattison,73,MIN,2.0,11,1.0,6.0,0,0.0,0.0,0.0,0,DAL
774,Gus Edwards,81,BAL,2.0,11,3.0,6.0,0,0.0,0.0,0.0,0,TEN
775,Ito Smith,80,ATL,3.0,11,1.0,5.0,0,0.0,0.0,0.0,0,NO
776,Matt Breida,77,MIA,2.0,11,2.0,4.0,0,0.0,0.0,0.0,0,DEN
777,Anthony McFarland Jr.,67,PIT,3.0,11,3.0,3.0,0,0.0,0.0,0.0,0,JAX
778,Mark Ingram,79,BAL,1.0,11,2.0,2.0,0,0.0,0.0,0.0,0,TEN
779,D'Onta Foreman,77,TEN,4.0,11,1.0,1.0,0,0.0,0.0,0.0,0,BAL
780,Derrick Henry,93,TEN,1.0,12,27.0,178.0,3,4.0,2.0,7.0,0,IND
781,Antonio Gibson,76,WAS,3.0,12,20.0,115.0,3,7.0,5.0,21.0,0,DAL
782,James Robinson,81,JAX,1.0,12,22.0,128.0,1,6.0,5.0,31.0,0,CLE
783,Nick Chubb,95,CLE,1.0,12,19.0,144.0,1,3.0,3.0,32.0,0,JAX
784,Latavius Murray,82,NO,2.0,12,19.0,124.0,2,1.0,1.0,2.0,0,DEN
785,David Montgomery,79,CHI,1.0,12,11.0,103.0,0,6.0,5.0,40.0,1,GB
786,Kenyan Drake,81,ARI,1.0,12,22.0,78.0,2,4.0,3.0,15.0,0,NE
787,Austin Ekeler,86,LAC,1.0,12,14.0,44.0,0,16.0,11.0,85.0,0,BUF
788,Wayne Gallman,72,NYG,1.0,12,24.0,94.0,1,5.0,3.0,-3.0,0,CIN
789,Adrian Peterson,76,DET,1.0,12,15.0,55.0,2,0.0,0.0,0.0,0,HOU
790,Nyheim Hines,82,IND,2.0,12,10.0,29.0,0,10.0,8.0,66.0,0,TEN
791,Ito Smith,80,ATL,3.0,12,12.0,65.0,1,5.0,4.0,10.0,0,LV
792,Duke Johnson,74,HOU,2.0,12,9.0,37.0,0,4.0,3.0,43.0,1,DET
793,James White,81,NE,1.0,12,5.0,18.0,2,1.0,1.0,-1.0,0,ARI
794,Cam Akers,77,LAR,1.0,12,9.0,84.0,1,0.0,0.0,0.0,0,SF
795,Chris Carson,89,SEA,1.0,12,8.0,41.0,1,2.0,2.0,18.0,0,PHI
796,Jamaal Williams,78,GB,2.0,12,17.0,73.0,1,0.0,0.0,0.0,0,CHI
797,Kerryon Johnson,76,DET,2.0,12,11.0,46.0,0,4.0,4.0,52.0,0,HOU
798,Frank Gore,79,NYJ,1.0,12,18.0,74.0,0,3.0,3.0,12.0,0,MIA
799,Devin Singletary,79,BUF,1.0,12,11.0,82.0,0,3.0,3.0,20.0,0,LAC
800,Mike Davis,78,CAR,1.0,12,15.0,55.0,0,6.0,3.0,24.0,0,MIN
801,Raheem Mostert,84,SF,1.0,12,16.0,43.0,1,2.0,2.0,0.0,0,LAR
802,Dalvin Cook,97,MIN,1.0,12,18.0,61.0,0,4.0,4.0,21.0,0,CAR
803,Aaron Jones,88,GB,1.0,12,17.0,90.0,0,2.0,1.0,0.0,0,CHI
804,Boston Scott,70,PHI,2.0,12,2.0,7.0,0,6.0,5.0,40.0,0,SEA
805,Joshua Kelley,67,LAC,3.0,12,7.0,35.0,1,0.0,0.0,0.0,0,BUF
806,Zack Moss,68,BUF,2.0,12,9.0,59.0,0,2.0,2.0,9.0,0,LAC
807,Jordan Wilkins,73,IND,3.0,12,6.0,22.0,0,4.0,3.0,35.0,0,TEN
808,Chase Edmonds,79,ARI,2.0,12,6.0,29.0,0,5.0,4.0,14.0,0,NE
809,Deandre Washington,70,KC,4.0,12,13.0,49.0,0,5.0,2.0,11.0,0,TB
810,Gus Edwards,81,BAL,2.0,12,9.0,10.0,1,0.0,0.0,0.0,0,PIT
811,Giovani Bernard,81,CIN,1.0,12,8.0,32.0,0,3.0,2.0,17.0,0,NYG
812,CJ Prosise,69,HOU,3.0,12,5.0,12.0,0,1.0,1.0,2.0,1,DET
813,Kareem Hunt,84,CLE,2.0,12,10.0,62.0,0,2.0,0.0,0.0,0,JAX
814,Miles Sanders,84,PHI,1.0,12,6.0,15.0,0,3.0,2.0,7.0,0,SEA
815,Alvin Kamara,92,NO,1.0,12,11.0,54.0,0,2.0,1.0,-2.0,0,DEN
816,Justice Hill,72,BAL,3.0,12,9.0,35.0,0,2.0,2.0,5.0,0,PIT
817,Peyton Barber,73,WAS,1.0,12,11.0,57.0,0,0.0,0.0,0.0,0,DAL
818,Brian Hill,67,ATL,2.0,12,13.0,55.0,0,1.0,0.0,0.0,0,LV
819,Josh Jacobs,91,LV,1.0,12,7.0,27.0,0,3.0,3.0,17.0,0,ATL
820,Matt Breida,77,MIA,2.0,12,8.0,36.0,0,2.0,2.0,17.0,0,NYJ
821,Jerick McKinnon,75,SF,3.0,12,3.0,21.0,0,3.0,2.0,11.0,0,LAR
822,Le'Veon Bell,79,KC,2.0,12,5.0,22.0,0,2.0,2.0,10.0,0,TB
823,Royce Freeman,75,DEN,2.0,12,8.0,50.0,0,0.0,0.0,0.0,0,NO
824,Leonard Fournette,81,TB,1.0,12,3.0,10.0,0,3.0,3.0,10.0,0,KC
825,Clyde Edwards-Helaire,83,KC,1.0,12,11.0,37.0,0,1.0,1.0,2.0,0,TB
826,Carlos Hyde,79,SEA,2.0,12,15.0,22.0,0,3.0,2.0,7.0,0,PHI
827,JD McKissic,77,WAS,2.0,12,1.0,6.0,0,2.0,2.0,21.0,0,DAL
828,Damien Harris,70,NE,1.0,12,14.0,47.0,0,0.0,0.0,0.0,0,ARI
829,Jonathan Williams,67,DET,5.0,12,1.0,5.0,0,4.0,4.0,21.0,0,HOU
830,Tony Pollard,79,DAL,2.0,12,4.0,12.0,0,2.0,2.0,10.0,0,WAS
831,Melvin Gordon,83,DEN,1.0,12,12.0,31.0,0,0.0,0.0,0.0,0,NO
832,Ezekiel Elliott,88,DAL,1.0,12,10.0,32.0,0,3.0,1.0,7.0,0,WAS
833,Trenton Cannon,69,CAR,3.0,12,3.0,17.0,0,1.0,1.0,1.0,0,MIN
834,D'Onta Foreman,77,TEN,4.0,12,4.0,28.0,0,0.0,0.0,0.0,0,IND
835,Dion Lewis,76,NYG,2.0,12,2.0,10.0,0,3.0,1.0,7.0,0,CIN
836,Khari Blasingame,67,TEN,3.0,12,0.0,0.0,0,1.0,1.0,16.0,0,IND
837,Jeffery Wilson,67,SF,4.0,12,12.0,43.0,0,0.0,0.0,0.0,0,LAR
838,Trayveon Williams,67,CIN,3.0,12,1.0,-2.0,0,1.0,1.0,13.0,0,NYG
839,Jeremy McNichols,69,TEN,2.0,12,8.0,20.0,0,1.0,0.0,0.0,0,IND
840,Phillip Lindsay,82,DEN,1.0,12,9.0,20.0,0,0.0,0.0,0.0,0,NO
841,Ryan Nall,67,CHI,2.0,12,0.0,0.0,0,1.0,1.0,10.0,0,GB
842,Malcolm Brown,70,LAR,2.0,12,3.0,4.0,0,3.0,2.0,15.0,0,SF
843,Darrell Henderson,73,LAR,1.0,12,10.0,19.0,0,1.0,0.0,0.0,0,SF
844,Devontae Booker,71,LV,2.0,12,5.0,6.0,0,4.0,1.0,-1.0,0,ATL
845,Ty Johnson,67,NYJ,1.0,12,2.0,3.0,0,2.0,1.0,1.0,0,MIA
846,Samaje Perine,69,CIN,2.0,12,0.0,0.0,0,1.0,1.0,2.0,0,NYG
847,Troymaine Pope,67,LAC,4.0,12,1.0,-1.0,0,1.0,1.0,2.0,0,BUF
848,Alfred Morris,74,NYG,3.0,12,4.0,8.0,0,0.0,0.0,0.0,0,CIN
849,Alexander Mattison,73,MIN,2.0,12,2.0,6.0,0,0.0,0.0,0.0,0,CAR
850,Dwayne Washington,67,NO,3.0,12,3.0,6.0,0,0.0,0.0,0.0,0,DEN
851,Corey Clement,76,PHI,3.0,12,1.0,6.0,0,0.0,0.0,0.0,0,SEA
852,Tony Brooks-James,74,ATL,4.0,12,3.0,4.0,0,0.0,0.0,0.0,0,LV
853,Josh Adams,69,NYJ,2.0,12,1.0,1.0,0,0.0,0.0,0.0,0,MIA
854,David Montgomery,79,CHI,1.0,13,17.0,72.0,2,4.0,4.0,39.0,0,DET
855,Dalvin Cook,97,MIN,1.0,13,32.0,120.0,0,9.0,6.0,59.0,0,JAX
856,Aaron Jones,88,GB,1.0,13,15.0,130.0,1,3.0,3.0,18.0,0,PHI
857,James Robinson,81,JAX,1.0,13,18.0,78.0,1,6.0,6.0,30.0,0,MIN
858,Jonathan Taylor,81,IND,1.0,13,13.0,91.0,0,3.0,3.0,44.0,1,HOU
859,Chris Carson,89,SEA,1.0,13,13.0,65.0,0,6.0,3.0,45.0,1,NYG
860,Ty Johnson,67,NYJ,1.0,13,22.0,104.0,1,2.0,2.0,13.0,0,LV
861,JD McKissic,77,WAS,2.0,13,5.0,8.0,0,10.0,10.0,70.0,0,PIT
862,Alvin Kamara,92,NO,1.0,13,15.0,88.0,1,3.0,2.0,9.0,0,ATL
863,Adrian Peterson,76,DET,1.0,13,16.0,57.0,2,1.0,0.0,0.0,0,CHI
864,Nick Chubb,95,CLE,1.0,13,18.0,80.0,1,1.0,1.0,26.0,0,TEN
865,Alfred Morris,74,NYG,3.0,13,8.0,39.0,1,1.0,1.0,6.0,1,SEA
866,Cam Akers,77,LAR,1.0,13,21.0,72.0,1,1.0,1.0,22.0,0,ARI
867,Darrell Henderson,73,LAR,1.0,13,3.0,49.0,1,3.0,2.0,25.0,0,ARI
868,Melvin Gordon,83,DEN,1.0,13,15.0,131.0,0,2.0,1.0,11.0,0,KC
869,Myles Gaskin,76,MIA,1.0,13,21.0,90.0,0,2.0,2.0,51.0,0,CIN
870,Kenyan Drake,81,ARI,1.0,13,10.0,49.0,1,3.0,2.0,9.0,0,LAR
871,Ezekiel Elliott,88,DAL,1.0,13,18.0,77.0,0,6.0,4.0,18.0,0,BAL
872,Wayne Gallman,72,NYG,1.0,13,16.0,135.0,0,0.0,0.0,0.0,0,SEA
873,J.K. Dobbins,77,BAL,1.0,13,11.0,71.0,1,0.0,0.0,0.0,0,DAL
874,Nyheim Hines,82,IND,2.0,13,6.0,10.0,1,3.0,3.0,22.0,0,HOU
875,Devin Singletary,79,BUF,1.0,13,18.0,61.0,0,4.0,3.0,22.0,0,SF
876,Austin Ekeler,86,LAC,1.0,13,8.0,36.0,0,9.0,4.0,32.0,0,NE
877,Jeremy McNichols,69,TEN,2.0,13,2.0,2.0,1,4.0,3.0,15.0,0,CLE
878,Damien Harris,70,NE,1.0,13,16.0,80.0,0,1.0,1.0,15.0,0,LAC
879,Gus Edwards,81,BAL,2.0,13,7.0,101.0,0,0.0,0.0,0.0,0,DAL
880,Kareem Hunt,84,CLE,2.0,13,14.0,33.0,0,3.0,3.0,24.0,0,TEN
881,Peyton Barber,73,WAS,1.0,13,14.0,23.0,1,0.0,0.0,0.0,0,PIT
882,Jeffery Wilson,67,SF,4.0,13,7.0,47.0,0,5.0,2.0,12.0,0,BUF
883,Le'Veon Bell,79,KC,2.0,13,11.0,40.0,0,3.0,2.0,15.0,0,DEN
884,Josh Adams,69,NYJ,2.0,13,8.0,74.0,0,0.0,0.0,0.0,0,LV
885,Kalen Ballage,67,NYJ,4.0,13,7.0,34.0,0,4.0,3.0,5.0,0,LV
886,Sony Michel,82,NE,1.0,13,10.0,35.0,0,1.0,1.0,23.0,0,LAC
887,Chase Edmonds,79,ARI,2.0,13,6.0,28.0,0,6.0,2.0,15.0,0,LAR
888,Devontae Booker,71,LV,2.0,13,16.0,50.0,0,2.0,1.0,1.0,0,NYJ
889,Derrick Henry,93,TEN,1.0,13,15.0,60.0,0,1.0,1.0,9.0,0,CLE
890,Jamaal Williams,78,GB,2.0,13,5.0,26.0,0,2.0,2.0,10.0,0,PHI
891,Raheem Mostert,84,SF,1.0,13,9.0,42.0,0,1.0,1.0,1.0,0,BUF
892,Giovani Bernard,81,CIN,1.0,13,12.0,30.0,0,2.0,2.0,-1.0,0,MIA
893,Ito Smith,80,ATL,3.0,13,8.0,36.0,0,2.0,1.0,-2.0,0,NO
894,Jaylen Samuels,72,PIT,2.0,13,1.0,1.0,0,4.0,3.0,11.0,0,WAS
895,Patrick Laird,67,MIA,5.0,13,3.0,6.0,0,3.0,2.0,16.0,0,CIN
896,Carlos Hyde,79,SEA,2.0,13,2.0,1.0,0,3.0,3.0,10.0,0,NYG
897,Mark Ingram,79,BAL,1.0,13,6.0,28.0,0,1.0,1.0,1.0,0,DAL
898,Ameer Abdullah,67,MIN,3.0,13,2.0,11.0,0,1.0,1.0,18.0,0,JAX
899,Tony Pollard,79,DAL,2.0,13,8.0,22.0,0,1.0,1.0,6.0,0,BAL
900,Jordan Wilkins,73,IND,3.0,13,5.0,12.0,0,2.0,2.0,6.0,0,HOU
901,Latavius Murray,82,NO,2.0,13,5.0,17.0,0,2.0,2.0,0.0,0,ATL
902,Malcolm Brown,70,LAR,2.0,13,3.0,-3.0,0,1.0,1.0,30.0,0,ARI
903,James White,81,NE,1.0,13,0.0,0.0,0,4.0,3.0,1.0,0,LAC
904,DeeJay Dallas,67,SEA,4.0,13,0.0,0.0,0,3.0,2.0,11.0,0,NYG
905,Kerryon Johnson,76,DET,2.0,13,3.0,3.0,0,3.0,2.0,8.0,0,CHI
906,Miles Sanders,84,PHI,1.0,13,10.0,31.0,0,1.0,0.0,0.0,0,GB
907,Todd Gurley,78,ATL,1.0,13,8.0,16.0,0,1.0,1.0,4.0,0,NO
908,Jalen Richard,77,LV,3.0,13,4.0,11.0,0,1.0,1.0,6.0,0,NYJ
909,Phillip Lindsay,82,DEN,1.0,13,14.0,26.0,0,1.0,0.0,0.0,0,KC
910,Zack Moss,68,BUF,2.0,13,3.0,9.0,0,1.0,1.0,5.0,0,SF
911,Joshua Kelley,67,LAC,3.0,13,0.0,0.0,0,2.0,2.0,3.0,0,NE
912,Theo Riddick,76,LV,3.0,13,3.0,6.0,0,1.0,1.0,3.0,0,NYJ
913,Jordan Howard,78,MIA,1.0,13,4.0,19.0,0,0.0,0.0,0.0,0,CIN
914,Brian Hill,67,ATL,2.0,13,5.0,18.0,0,0.0,0.0,0.0,0,NO
915,D'Ernest Johnson,67,CLE,3.0,13,0.0,0.0,0,1.0,1.0,5.0,0,TEN
916,Justice Hill,72,BAL,3.0,13,0.0,0.0,0,1.0,1.0,4.0,0,DAL
917,Antonio Gibson,76,WAS,3.0,13,2.0,14.0,0,0.0,0.0,0.0,0,PIT
918,Boston Scott,70,PHI,2.0,13,2.0,9.0,0,2.0,0.0,0.0,0,GB
919,Elijhaa Penny,70,NYG,1.0,13,2.0,8.0,0,0.0,0.0,0.0,0,SEA
920,Dare Ogunbowale,67,JAX,2.0,13,2.0,7.0,0,2.0,0.0,0.0,0,MIN
921,Samaje Perine,69,CIN,2.0,13,3.0,7.0,0,0.0,0.0,0.0,0,MIA
922,Dion Lewis,76,NYG,2.0,13,3.0,6.0,0,0.0,0.0,0.0,0,SEA
923,Frank Gore,79,NYJ,1.0,13,1.0,2.0,0,0.0,0.0,0.0,0,LV
924,Derrick Henry,93,TEN,1.0,14,26.0,215.0,2,2.0,2.0,7.0,0,JAX
925,Jonathan Taylor,81,IND,1.0,14,20.0,150.0,2,2.0,2.0,15.0,0,LV
926,Miles Sanders,84,PHI,1.0,14,14.0,115.0,2,5.0,4.0,21.0,0,NO
927,Kareem Hunt,84,CLE,2.0,14,6.0,33.0,1,7.0,6.0,77.0,1,BAL
928,Mike Davis,78,CAR,1.0,14,11.0,51.0,2,6.0,5.0,42.0,0,DEN
929,David Montgomery,79,CHI,1.0,14,11.0,113.0,1,4.0,3.0,42.0,0,HOU
930,Nick Chubb,95,CLE,1.0,14,17.0,82.0,2,2.0,2.0,21.0,0,BAL
931,Austin Ekeler,86,LAC,1.0,14,15.0,79.0,0,9.0,9.0,67.0,0,ATL
932,Alvin Kamara,92,NO,1.0,14,11.0,50.0,1,10.0,7.0,44.0,0,PHI
933,Cam Akers,77,LAR,1.0,14,29.0,171.0,0,3.0,2.0,23.0,0,NE
934,Dalvin Cook,97,MIN,1.0,14,22.0,102.0,1,4.0,2.0,8.0,0,TB
935,Chris Carson,89,SEA,1.0,14,12.0,76.0,1,5.0,3.0,22.0,0,NYJ
936,Gus Edwards,81,BAL,2.0,14,7.0,49.0,2,1.0,1.0,4.0,0,CLE
937,Kenyan Drake,81,ARI,1.0,14,23.0,80.0,1,1.0,1.0,10.0,0,NYG
938,Clyde Edwards-Helaire,83,KC,1.0,14,16.0,32.0,0,6.0,5.0,59.0,0,MIA
939,J.K. Dobbins,77,BAL,1.0,14,13.0,53.0,1,0.0,0.0,0.0,0,CLE
940,Tony Pollard,79,DAL,2.0,14,11.0,39.0,0,2.0,2.0,9.0,1,CIN
941,James Robinson,81,JAX,1.0,14,12.0,67.0,0,4.0,4.0,16.0,0,TEN
942,Melvin Gordon,83,DEN,1.0,14,13.0,68.0,0,3.0,3.0,23.0,0,CAR
943,Nyheim Hines,82,IND,2.0,14,7.0,58.0,0,4.0,4.0,17.0,0,LV
944,JD McKissic,77,WAS,2.0,14,11.0,68.0,0,4.0,2.0,18.0,0,SF
945,Josh Jacobs,91,LV,1.0,14,13.0,49.0,0,5.0,3.0,25.0,0,IND
946,Wayne Gallman,72,NYG,1.0,14,12.0,57.0,0,4.0,3.0,16.0,0,ARI
947,Aaron Jones,88,GB,1.0,14,15.0,69.0,0,3.0,2.0,6.0,0,DET
948,Jeffery Wilson,67,SF,4.0,14,11.0,31.0,1,3.0,1.0,13.0,0,WAS
949,Chase Edmonds,79,ARI,2.0,14,7.0,32.0,0,5.0,4.0,21.0,0,NYG
950,Trayveon Williams,67,CIN,3.0,14,12.0,49.0,0,3.0,3.0,14.0,0,DAL
951,Raheem Mostert,84,SF,1.0,14,14.0,65.0,0,4.0,2.0,5.0,0,WAS
952,Kerryon Johnson,76,DET,2.0,14,2.0,3.0,1,1.0,1.0,10.0,0,GB
953,Jalen Richard,77,LV,3.0,14,2.0,10.0,0,5.0,4.0,31.0,0,IND
954,Ezekiel Elliott,88,DAL,1.0,14,12.0,48.0,0,3.0,2.0,11.0,0,CIN
955,Deandre Washington,70,KC,4.0,14,13.0,35.0,0,4.0,2.0,17.0,0,MIA
956,Devine Ozigbo,67,JAX,3.0,14,0.0,0.0,0,4.0,4.0,30.0,0,TEN
957,Carlos Hyde,79,SEA,2.0,14,15.0,66.0,0,0.0,0.0,0.0,0,NYJ
958,Jaylen Samuels,72,PIT,2.0,14,4.0,15.0,0,4.0,3.0,18.0,0,BUF
959,Samaje Perine,69,CIN,2.0,14,10.0,32.0,0,2.0,2.0,9.0,0,DAL
960,Damien Harris,70,NE,1.0,14,11.0,50.0,0,2.0,1.0,0.0,0,LAR
961,Peyton Barber,73,WAS,1.0,14,12.0,37.0,0,3.0,2.0,1.0,0,SF
962,Le'Veon Bell,79,KC,2.0,14,2.0,21.0,0,3.0,2.0,14.0,0,MIA
963,Ito Smith,80,ATL,3.0,14,11.0,42.0,0,1.0,1.0,3.0,0,LAC
964,Dion Lewis,76,NYG,2.0,14,2.0,14.0,1,0.0,0.0,0.0,0,ARI
965,Giovani Bernard,81,CIN,1.0,14,3.0,8.0,0,3.0,3.0,15.0,0,DAL
966,Phillip Lindsay,82,DEN,1.0,14,11.0,24.0,0,2.0,2.0,7.0,0,CAR
967,Todd Gurley,78,ATL,1.0,14,6.0,19.0,0,3.0,2.0,12.0,0,LAC
968,Josh Adams,69,NYJ,2.0,14,6.0,27.0,0,2.0,2.0,3.0,0,SEA
969,Justin Jackson,73,LAC,2.0,14,3.0,9.0,0,3.0,3.0,10.0,0,ATL
970,Devontae Booker,71,LV,2.0,14,4.0,8.0,0,3.0,3.0,11.0,0,IND
971,LeSean McCoy,83,TB,2.0,14,4.0,32.0,0,1.0,1.0,3.0,0,MIN
972,Devin Singletary,79,BUF,1.0,14,7.0,32.0,0,1.0,1.0,2.0,0,PIT
973,Zack Moss,68,BUF,2.0,14,13.0,43.0,0,1.0,0.0,0.0,0,PIT
974,Ameer Abdullah,67,MIN,3.0,14,3.0,11.0,0,2.0,2.0,10.0,0,TB
975,Adrian Peterson,76,DET,1.0,14,4.0,7.0,0,1.0,1.0,23.0,0,GB
976,Jamaal Williams,78,GB,2.0,14,10.0,38.0,0,0.0,0.0,0.0,0,DET
977,Patrick Laird,67,MIA,5.0,14,4.0,19.0,0,1.0,1.0,4.0,0,KC
978,Kalen Ballage,67,NYJ,4.0,14,7.0,14.0,0,2.0,1.0,6.0,0,SEA
979,James White,81,NE,1.0,14,3.0,16.0,0,2.0,1.0,2.0,0,LAR
980,Boston Scott,70,PHI,2.0,14,3.0,6.0,0,1.0,1.0,11.0,0,NO
981,Brian Hill,67,ATL,2.0,14,1.0,3.0,0,1.0,1.0,12.0,0,LAC
982,Dare Ogunbowale,67,JAX,2.0,14,0.0,0.0,0,1.0,1.0,12.0,0,TEN
983,Sony Michel,82,NE,1.0,14,7.0,22.0,0,1.0,0.0,0.0,0,LAR
984,Mike Boone,67,MIN,4.0,14,2.0,8.0,0,1.0,1.0,4.0,0,TB
985,CJ Prosise,69,HOU,3.0,14,1.0,2.0,0,1.0,1.0,10.0,0,CHI
986,Frank Gore,79,NYJ,1.0,14,8.0,23.0,0,1.0,1.0,8.0,0,SEA
987,Jeremy McNichols,69,TEN,2.0,14,11.0,9.0,0,1.0,1.0,0.0,0,JAX
988,James Conner,80,PIT,1.0,14,10.0,18.0,0,0.0,0.0,0.0,0,BUF
989,Jordan Wilkins,73,IND,3.0,14,1.0,3.0,0,2.0,1.0,4.0,0,LV
990,Latavius Murray,82,NO,2.0,14,4.0,13.0,0,1.0,1.0,-6.0,0,PHI
991,Ty Johnson,67,NYJ,1.0,14,8.0,16.0,0,0.0,0.0,0.0,0,SEA
992,DeeJay Dallas,67,SEA,4.0,14,4.0,7.0,0,0.0,0.0,0.0,0,NYJ
993,Alfred Morris,74,NYG,3.0,14,3.0,7.0,0,0.0,0.0,0.0,0,ARI
994,Darrell Henderson,73,LAR,1.0,14,2.0,5.0,0,0.0,0.0,0.0,0,NE
995,Justice Hill,72,BAL,3.0,14,1.0,4.0,0,0.0,0.0,0.0,0,CLE
996,Tony Pollard,79,DAL,2.0,15,12.0,69.0,2,9.0,6.0,63.0,0,SF
997,David Montgomery,79,CHI,1.0,15,32.0,146.0,2,2.0,1.0,16.0,0,MIN
998,Dalvin Cook,97,MIN,1.0,15,24.0,132.0,1,5.0,5.0,27.0,0,CHI
999,JD McKissic,77,WAS,2.0,15,13.0,51.0,0,10.0,9.0,56.0,1,SEA
1000,Derrick Henry,93,TEN,1.0,15,24.0,147.0,1,2.0,2.0,5.0,0,DET
1001,Aaron Jones,88,GB,1.0,15,20.0,145.0,1,4.0,3.0,13.0,0,CAR
1002,Melvin Gordon,83,DEN,1.0,15,11.0,61.0,2,4.0,4.0,20.0,0,BUF
1003,Giovani Bernard,81,CIN,1.0,15,25.0,83.0,1,1.0,1.0,14.0,1,PIT
1004,Leonard Fournette,81,TB,1.0,15,14.0,49.0,2,5.0,3.0,16.0,0,ATL
1005,Josh Jacobs,91,LV,1.0,15,26.0,76.0,1,3.0,3.0,38.0,0,LAC
1006,Jonathan Taylor,81,IND,1.0,15,16.0,83.0,1,5.0,4.0,12.0,0,HOU
1007,Alvin Kamara,92,NO,1.0,15,11.0,54.0,0,6.0,3.0,40.0,1,KC
1008,Ty Johnson,67,NYJ,1.0,15,3.0,16.0,0,6.0,6.0,39.0,1,LAR
1009,Devin Singletary,79,BUF,1.0,15,8.0,68.0,1,3.0,3.0,16.0,0,DEN
1010,Chase Edmonds,79,ARI,2.0,15,11.0,47.0,0,5.0,3.0,19.0,1,PHI
1011,J.K. Dobbins,77,BAL,1.0,15,14.0,64.0,1,1.0,1.0,17.0,0,JAX
1012,Nick Chubb,95,CLE,1.0,15,15.0,50.0,1,2.0,2.0,16.0,0,NYG
1013,Le'Veon Bell,79,KC,2.0,15,15.0,62.0,1,1.0,1.0,14.0,0,NO
1014,Carlos Hyde,79,SEA,2.0,15,2.0,55.0,1,3.0,2.0,8.0,0,WAS
1015,James Robinson,81,JAX,1.0,15,16.0,35.0,0,3.0,3.0,18.0,1,BAL
1016,Darrynton Evans,71,TEN,5.0,15,8.0,30.0,0,2.0,2.0,27.0,1,DET
1017,Frank Gore,79,NYJ,1.0,15,23.0,59.0,1,1.0,1.0,6.0,0,LAR
1018,Jeffery Wilson,67,SF,4.0,15,16.0,60.0,1,4.0,0.0,0.0,0,DAL
1019,Austin Ekeler,86,LAC,1.0,15,13.0,60.0,0,4.0,4.0,19.0,0,LV
1020,Latavius Murray,82,NO,2.0,15,4.0,3.0,0,3.0,2.0,26.0,1,KC
1021,Miles Sanders,84,PHI,1.0,15,17.0,64.0,0,2.0,1.0,26.0,0,ARI
1022,Gus Edwards,81,BAL,2.0,15,9.0,42.0,0,2.0,2.0,36.0,0,JAX
1023,James White,81,NE,1.0,15,2.0,3.0,0,4.0,4.0,52.0,0,MIA
1024,Clyde Edwards-Helaire,83,KC,1.0,15,14.0,79.0,0,3.0,1.0,4.0,0,NO
1025,Sony Michel,82,NE,1.0,15,10.0,74.0,0,1.0,1.0,8.0,0,MIA
1026,Chris Carson,89,SEA,1.0,15,15.0,63.0,0,3.0,2.0,6.0,0,WAS
1027,Matt Breida,77,MIA,2.0,15,12.0,86.0,0,0.0,0.0,0.0,0,NE
1028,Mike Davis,78,CAR,1.0,15,14.0,59.0,0,2.0,2.0,2.0,0,GB
1029,Zack Moss,68,BUF,2.0,15,13.0,81.0,0,0.0,0.0,0.0,0,DEN
1030,Phillip Lindsay,82,DEN,1.0,15,11.0,38.0,0,3.0,3.0,7.0,0,BUF
1031,Nyheim Hines,82,IND,2.0,15,5.0,43.0,0,3.0,2.0,11.0,0,HOU
1032,Cam Akers,77,LAR,1.0,15,15.0,63.0,0,3.0,1.0,-1.0,0,NYJ
1033,Kalen Ballage,67,NYJ,4.0,15,8.0,11.0,1,0.0,0.0,0.0,0,LAR
1034,Raheem Mostert,84,SF,1.0,15,14.0,68.0,0,0.0,0.0,0.0,0,DAL
1035,Peyton Barber,73,WAS,1.0,15,4.0,5.0,1,1.0,0.0,0.0,0,SEA
1036,LeSean McCoy,83,TB,2.0,15,0.0,0.0,0,3.0,3.0,32.0,0,ATL
1037,Kenyan Drake,81,ARI,1.0,15,10.0,26.0,0,2.0,2.0,14.0,0,PHI
1038,Kareem Hunt,84,CLE,2.0,15,7.0,21.0,0,3.0,3.0,7.0,0,NYG
1039,Ito Smith,80,ATL,3.0,15,6.0,24.0,0,3.0,2.0,9.0,0,GB
1040,Patrick Laird,67,MIA,5.0,15,2.0,20.0,0,2.0,2.0,12.0,0,NE
1041,Jerick McKinnon,75,SF,3.0,15,0.0,0.0,0,2.0,2.0,22.0,0,DAL
1042,Jamaal Williams,78,GB,2.0,15,1.0,6.0,0,2.0,2.0,14.0,0,CAR
1043,Alfred Morris,74,NYG,3.0,15,7.0,39.0,0,0.0,0.0,0.0,0,CLE
1044,Dion Lewis,76,NYG,2.0,15,1.0,4.0,0,2.0,2.0,14.0,0,CLE
1045,Dare Ogunbowale,67,JAX,2.0,15,2.0,17.0,0,1.0,1.0,8.0,0,BAL
1046,Todd Gurley,78,ATL,1.0,15,1.0,-1.0,0,2.0,2.0,15.0,0,GB
1047,Wayne Gallman,72,NYG,1.0,15,9.0,29.0,0,0.0,0.0,0.0,0,CLE
1048,Brian Hill,67,ATL,2.0,15,5.0,-2.0,0,2.0,2.0,9.0,0,GB
1049,Jaylen Samuels,72,PIT,2.0,15,1.0,4.0,0,1.0,1.0,12.0,0,CIN
1050,Alexander Mattison,73,MIN,2.0,15,1.0,1.0,0,1.0,1.0,14.0,0,CHI
1051,D'Ernest Johnson,67,CLE,3.0,15,4.0,24.0,0,0.0,0.0,0.0,0,NYG
1052,Adrian Peterson,76,DET,1.0,15,6.0,23.0,0,0.0,0.0,0.0,0,TEN
1053,Elijhaa Penny,70,NYG,1.0,15,1.0,2.0,0,1.0,1.0,9.0,0,CLE
1054,Malcolm Brown,70,LAR,2.0,15,1.0,4.0,0,1.0,1.0,6.0,0,NYJ
1055,Justice Hill,72,BAL,3.0,15,0.0,0.0,0,1.0,1.0,8.0,0,JAX
1056,A.J. Dillon,70,GB,3.0,15,1.0,18.0,0,0.0,0.0,0.0,0,CAR
1057,Boston Scott,70,PHI,2.0,15,0.0,0.0,0,1.0,1.0,7.0,0,ARI
1058,Jalen Richard,77,LV,3.0,15,0.0,0.0,0,1.0,1.0,7.0,0,LAC
1059,Jeremy McNichols,69,TEN,2.0,15,0.0,0.0,0,1.0,1.0,5.0,0,DET
1060,Devine Ozigbo,67,JAX,3.0,15,0.0,0.0,0,1.0,1.0,4.0,0,BAL
1061,Samaje Perine,69,CIN,2.0,15,4.0,14.0,0,0.0,0.0,0.0,0,PIT
1062,Darrell Henderson,73,LAR,1.0,15,1.0,-2.0,0,1.0,1.0,5.0,0,NYJ
1063,Devontae Booker,71,LV,2.0,15,3.0,12.0,0,0.0,0.0,0.0,0,LAC
1064,Tevin Coleman,85,SF,2.0,15,3.0,11.0,0,0.0,0.0,0.0,0,DAL
1065,Trayveon Williams,67,CIN,3.0,15,2.0,8.0,0,0.0,0.0,0.0,0,PIT
1066,Joshua Kelley,67,LAC,3.0,15,2.0,8.0,0,0.0,0.0,0.0,0,LV
1067,Rashaad Penny,79,SEA,3.0,15,2.0,6.0,0,0.0,0.0,0.0,0,WAS
1068,Royce Freeman,75,DEN,2.0,15,1.0,4.0,0,0.0,0.0,0.0,0,BUF
1069,Ke'Shawn Vaughn,70,TB,2.0,15,2.0,4.0,0,1.0,0.0,0.0,0,ATL
1070,JJ Taylor,67,NE,3.0,15,1.0,2.0,0,0.0,0.0,0.0,0,MIA
1071,Alvin Kamara,92,NO,1.0,16,22.0,155.0,6,5.0,3.0,17.0,0,MIN
1072,Myles Gaskin,76,MIA,1.0,16,14.0,87.0,0,5.0,5.0,82.0,2,LV
1073,Samaje Perine,69,CIN,2.0,16,13.0,95.0,2,4.0,4.0,41.0,0,HOU
1074,Jeffery Wilson,67,SF,4.0,16,22.0,183.0,0,2.0,1.0,21.0,1,ARI
1075,A.J. Dillon,70,GB,3.0,16,21.0,124.0,2,1.0,1.0,5.0,0,TEN
1076,JD McKissic,77,WAS,2.0,16,4.0,15.0,0,10.0,8.0,77.0,1,CAR
1077,Giovani Bernard,81,CIN,1.0,16,16.0,65.0,0,8.0,7.0,66.0,0,HOU
1078,David Montgomery,79,CHI,1.0,16,23.0,95.0,1,2.0,2.0,26.0,0,JAX
1079,Jonathan Taylor,81,IND,1.0,16,18.0,74.0,2,1.0,0.0,0.0,0,PIT
1080,Miles Sanders,84,PHI,1.0,16,15.0,57.0,1,6.0,4.0,27.0,0,DAL
1081,Ezekiel Elliott,88,DAL,1.0,16,19.0,105.0,0,4.0,4.0,34.0,0,PHI
1082,Nick Chubb,95,CLE,1.0,16,11.0,28.0,1,5.0,5.0,38.0,0,NYJ
1083,James Conner,80,PIT,1.0,16,5.0,20.0,1,5.0,5.0,45.0,0,IND
1084,Dalvin Cook,97,MIN,1.0,16,15.0,73.0,1,2.0,2.0,12.0,0,NO
1085,Austin Ekeler,86,LAC,1.0,16,10.0,45.0,0,3.0,3.0,23.0,1,DEN
1086,Leonard Fournette,81,TB,1.0,16,9.0,34.0,1,3.0,3.0,32.0,0,DET
1087,Kareem Hunt,84,CLE,2.0,16,4.0,11.0,1,5.0,3.0,41.0,0,NYJ
1088,Gus Edwards,81,BAL,2.0,16,15.0,85.0,0,2.0,2.0,37.0,0,NYG
1089,J.K. Dobbins,77,BAL,1.0,16,11.0,77.0,1,1.0,0.0,0.0,0,NYG
1090,Kenyan Drake,81,ARI,1.0,16,18.0,45.0,1,2.0,2.0,5.0,0,SF
1091,Aaron Jones,88,GB,1.0,16,10.0,94.0,0,3.0,2.0,14.0,0,TEN
1092,Zack Moss,68,BUF,2.0,16,12.0,57.0,1,1.0,1.0,0.0,0,NE
1093,Latavius Murray,82,NO,2.0,16,12.0,72.0,0,3.0,3.0,24.0,0,MIN
1094,Nyheim Hines,82,IND,2.0,16,8.0,44.0,0,5.0,5.0,20.0,0,PIT
1095,Chris Carson,89,SEA,1.0,16,16.0,69.0,0,3.0,3.0,10.0,0,LAR
1096,Dare Ogunbowale,67,JAX,2.0,16,14.0,71.0,0,5.0,3.0,7.0,0,CHI
1097,Antonio Gibson,76,WAS,3.0,16,10.0,61.0,0,4.0,3.0,8.0,0,CAR
1098,Derrick Henry,93,TEN,1.0,16,23.0,98.0,0,0.0,0.0,0.0,0,GB
1099,Brian Hill,67,ATL,2.0,16,7.0,36.0,0,3.0,3.0,25.0,0,KC
1100,Mike Davis,78,CAR,1.0,16,14.0,28.0,1,0.0,0.0,0.0,0,WAS
1101,Todd Gurley,78,ATL,1.0,16,4.0,16.0,0,3.0,3.0,34.0,0,KC
1102,Melvin Gordon,83,DEN,1.0,16,16.0,79.0,0,0.0,0.0,0.0,0,LAC
1103,Ke'Shawn Vaughn,70,TB,2.0,16,15.0,62.0,0,2.0,1.0,7.0,0,DET
1104,Wayne Gallman,72,NYG,1.0,16,6.0,27.0,0,2.0,2.0,26.0,0,BAL
1105,Devin Singletary,79,BUF,1.0,16,10.0,36.0,0,2.0,2.0,16.0,0,NE
1106,Josh Jacobs,91,LV,1.0,16,13.0,69.0,0,2.0,0.0,0.0,0,MIA
1107,Sony Michel,82,NE,1.0,16,10.0,69.0,0,0.0,0.0,0.0,0,BUF
1108,James White,81,NE,1.0,16,4.0,14.0,0,3.0,3.0,23.0,0,BUF
1109,Mike Boone,67,MIN,4.0,16,1.0,4.0,1,0.0,0.0,0.0,0,NO
1110,Frank Gore,79,NYJ,1.0,16,14.0,48.0,0,1.0,1.0,5.0,0,CLE
1111,Darrell Henderson,73,LAR,1.0,16,12.0,62.0,0,0.0,0.0,0.0,0,SEA
1112,Jerick McKinnon,75,SF,3.0,16,1.0,4.0,0,4.0,3.0,28.0,0,ARI
1113,Ito Smith,80,ATL,3.0,16,10.0,46.0,0,1.0,1.0,5.0,0,KC
1114,Le'Veon Bell,79,KC,2.0,16,7.0,30.0,0,3.0,1.0,9.0,0,ATL
1115,Kalen Ballage,67,NYJ,4.0,16,4.0,14.0,0,3.0,2.0,12.0,0,CLE
1116,Malcolm Brown,70,LAR,2.0,16,7.0,27.0,0,3.0,1.0,8.0,0,SEA
1117,Royce Freeman,75,DEN,2.0,16,2.0,16.0,0,2.0,2.0,7.0,0,LAC
1118,Devontae Booker,71,LV,2.0,16,6.0,11.0,0,2.0,2.0,8.0,0,MIA
1119,JJ Taylor,67,NE,3.0,16,6.0,38.0,0,0.0,0.0,0.0,0,BUF
1120,Kerryon Johnson,76,DET,2.0,16,0.0,0.0,0,2.0,2.0,17.0,0,TB
1121,Carlos Hyde,79,SEA,2.0,16,2.0,8.0,0,1.0,1.0,18.0,0,LAR
1122,Jalen Richard,77,LV,3.0,16,2.0,19.0,0,1.0,1.0,4.0,0,MIA
1123,Tony Pollard,79,DAL,2.0,16,9.0,12.0,0,2.0,1.0,8.0,0,PHI
1124,Chase Edmonds,79,ARI,2.0,16,0.0,0.0,0,3.0,2.0,8.0,0,SF
1125,LeVante Bellamy,67,DEN,3.0,16,3.0,11.0,0,1.0,1.0,5.0,0,LAC
1126,Alfred Morris,74,NYG,3.0,16,3.0,4.0,0,1.0,1.0,9.0,0,BAL
1127,Boston Scott,70,PHI,2.0,16,2.0,17.0,0,0.0,0.0,0.0,0,DAL
1128,Craig Reynolds,77,JAX,5.0,16,1.0,4.0,0,1.0,1.0,3.0,0,CHI
1129,Jeremy McNichols,69,TEN,2.0,16,0.0,0.0,0,1.0,1.0,6.0,0,GB
1130,Dion Lewis,76,NYG,2.0,16,1.0,15.0,0,0.0,0.0,0.0,0,BAL
1131,LeSean McCoy,83,TB,2.0,16,0.0,0.0,0,1.0,1.0,5.0,0,DET
1132,Devine Ozigbo,67,JAX,3.0,16,1.0,1.0,0,1.0,1.0,3.0,0,CHI
1133,Ty Johnson,67,NYJ,1.0,16,2.0,13.0,0,0.0,0.0,0.0,0,CLE
1134,Tevin Coleman,85,SF,2.0,16,2.0,3.0,0,1.0,1.0,0.0,0,ARI
1135,Salvon Ahmed,67,MIA,3.0,16,6.0,2.0,0,1.0,1.0,1.0,0,LV
1136,Ameer Abdullah,67,MIN,3.0,16,1.0,13.0,0,1.0,0.0,0.0,0,NO
1137,Adrian Peterson,76,DET,1.0,16,4.0,10.0,0,0.0,0.0,0.0,0,TB
1138,Peyton Barber,73,WAS,1.0,16,1.0,10.0,0,0.0,0.0,0.0,0,CAR
1139,Rashaad Penny,79,SEA,3.0,16,3.0,9.0,0,0.0,0.0,0.0,0,LAR
1140,Jordan Howard,78,MIA,1.0,16,3.0,8.0,0,0.0,0.0,0.0,0,LV
1141,Trayveon Williams,67,CIN,3.0,16,2.0,6.0,0,0.0,0.0,0.0,0,HOU
1142,Justin Jackson,73,LAC,2.0,16,2.0,4.0,0,0.0,0.0,0.0,0,DEN
1143,Darrynton Evans,71,TEN,5.0,16,1.0,3.0,0,2.0,0.0,0.0,0,GB
